fname,data,method,Shd1,2,3,4,5,6,7,8,9,10,11,SID1,2,3,4,5,6,7,8,9,10,11,Fs1,2,3,4,5,6,7,8,9,10,11,Mods1,2,3,4,5,6,7,8,9,10,11,Total_models,vars,Time
./data/osc/data1.txt,osc,Continent,0,0,0,0,0,0,0,0,0,0,0,0,0,0,0,0,0,0,0,0,0,0,1,1,1,1,1,1,1,1,1,1,1,1,1,1,1,1,1,1,1,1,1,1,10,5,2024-02-07 12:24:47.716505
./data/osc/data3.txt,osc,Continent,0,0,0,0,0,0,0,0,0,0,0,0,0,0,0,0,0,0,0,0,0,0,1,1,1,1,1,1,1,1,1,1,1,1,1,1,1,1,1,1,1,1,1,1,10,5,2024-02-07 12:25:20.104188
./data/osc/data5.txt,osc,Continent,0,0,0,0,0,0,0,0,0,0,0,0,0,0,0,0,0,0,0,0,0,0,1,1,1,1,1,1,1,1,1,1,1,1,1,1,1,1,1,1,1,1,1,1,10,5,2024-02-07 12:25:53.849904
./data/osc/data7.txt,osc,Continent,1,3,3,3,3,3,3,3,3,3,3,4,5,5,5,5,5,5,5,5,5,5,0.83,0.67,0.67,0.67,0.67,0.67,0.67,0.67,0.67,0.67,0.67,1,1,1,1,1,1,1,1,1,1,1,10,5,2024-02-07 12:26:37.084142
./data/osc/data9.txt,osc,Continent,0,0,0,0,0,0,0,0,0,0,0,0,0,0,0,0,0,0,0,0,0,0,1,1,1,1,1,1,1,1,1,1,1,1,1,1,1,1,1,1,1,1,1,1,10,5,2024-02-07 12:27:14.929573
./data/osc/data11.txt,osc,Continent,0,0,0,0,0,0,0,0,0,0,0,0,0,0,0,0,0,0,0,0,0,0,1,1,1,1,1,1,1,1,1,1,1,1,1,1,1,1,1,1,1,1,1,1,10,5,2024-02-07 12:27:46.649169
./data/osc/data13.txt,osc,Continent,0,0,0,0,0,0,0,0,0,0,0,0,0,0,0,0,0,0,0,0,0,0,1,1,1,1,1,1,1,1,1,1,1,1,1,1,1,1,1,1,1,1,1,1,10,5,2024-02-07 12:28:17.480808
./data/osc/data15.txt,osc,Continent,4,0,0,0,0,1,1,1,1,1,1,3,0,0,0,0,0,0,0,0,0,0,0.5,1,1,1,1,0.89,0.89,0.89,0.89,0.89,0.89,1,1,1,1,1,1,1,1,1,1,1,10,5,2024-02-07 12:29:02.752627
./data/osc/data17.txt,osc,Continent,0,0,0,0,0,0,0,0,0,0,0,0,0,0,0,0,0,0,0,0,0,0,1,1,1,1,1,1,1,1,1,1,1,1,1,1,1,1,1,1,1,1,1,1,10,5,2024-02-07 12:29:43.659466
./data/osc/data19.txt,osc,Continent,0,0,0,0,0,0,0,0,0,0,0,0,0,0,0,0,0,0,0,0,0,0,1,1,1,1,1,1,1,1,1,1,1,1,1,1,1,1,1,1,1,1,1,1,10,5,2024-02-07 12:30:20.848739
./data/osc/data21.txt,osc,Continent,0,0,0,0,0,0,0,0,0,0,0,0,0,0,0,0,0,0,0,0,0,0,1,1,1,1,1,1,1,1,1,1,1,1,1,1,1,1,1,1,1,1,1,1,10,5,2024-02-07 12:31:02.967176
./data/osc/data23.txt,osc,Continent,0,0,0,0,0,0,0,0,0,0,0,0,0,0,0,0,0,0,0,0,0,0,1,1,1,1,1,1,1,1,1,1,1,1,1,1,1,1,1,1,1,1,1,1,10,5,2024-02-07 12:31:32.331326
./data/osc/data25.txt,osc,Continent,0,0,0,0,0,0,0,0,0,0,0,0,0,0,0,0,0,0,0,0,0,0,1,1,1,1,1,1,1,1,1,1,1,1,1,1,1,1,1,1,1,1,1,1,10,5,2024-02-07 12:32:02.375556
./data/poly/data1.txt,poly,Continent,3,3,3,2,2,2,2,2,2,2,2,6,6,6,5,5,5,5,5,5,5,5,0.78,0.78,0.78,0.84,0.84,0.84,0.84,0.84,0.84,0.84,0.84,1,1,1,2,2,2,2,2,2,2,2,10,5,2024-02-07 10:15:29.504196
./data/poly/data3.txt,poly,Continent,5,5,5,5,5,5,5,5,5,5,5,7,7,7,7,7,7,7,7,7,7,7,0.62,0.62,0.62,0.62,0.62,0.62,0.62,0.62,0.62,0.62,0.62,1,1,1,1,1,1,1,1,1,1,1,10,5,2024-02-07 10:15:51.848519
./data/poly/data5.txt,poly,Continent,1,1,1,1,1,1,1,1,1,1,1,3,3,3,3,3,3,3,3,3,3,3,0.95,0.95,0.95,0.95,0.95,0.95,0.95,0.95,0.95,0.95,0.95,1,1,2,2,3,3,3,3,3,3,3,10,5,2024-02-07 10:17:06.933039
./data/poly/data7.txt,poly,Continent,2,2,2,2,2,2,2,2,2,2,2,4,5,3,3,3,2,2,2,2,2,2,0.84,0.8,0.84,0.84,0.84,0.89,0.89,0.89,0.89,0.89,0.89,1,2,2,2,2,2,2,2,2,2,2,10,5,2024-02-07 10:18:05.344378
./data/poly/data9.txt,poly,Continent,4,4,4,4,4,4,4,4,4,4,4,7,12,12,12,12,12,12,12,12,12,12,0.75,0.78,0.78,0.78,0.78,0.78,0.78,0.78,0.78,0.78,0.78,1,2,2,2,2,2,2,2,2,2,2,10,5,2024-02-07 10:19:01.007690
./data/poly/data11.txt,poly,Continent,8,8,8,8,8,8,8,8,8,8,8,18,18,18,18,18,18,18,18,18,18,18,0.29,0.29,0.29,0.29,0.29,0.29,0.29,0.29,0.29,0.29,0.29,1,1,1,1,1,1,1,1,1,1,1,10,5,2024-02-07 10:19:22.209187
./data/poly/data13.txt,poly,Continent,4,4,5,5,6,5,5,5,5,5,5,7,7,8,8,9,8,8,8,8,8,8,0.71,0.71,0.62,0.62,0.53,0.62,0.62,0.62,0.62,0.62,0.62,1,2,2,2,2,2,2,2,2,2,2,10,5,2024-02-07 10:20:21.312961
./data/poly/data15.txt,poly,Continent,1,1,1,1,1,5,5,5,5,5,5,2,2,2,2,2,6,6,6,6,6,6,0.95,0.95,0.95,0.95,0.95,0.67,0.67,0.67,0.67,0.67,0.67,1,2,2,2,2,1,1,1,1,1,1,10,5,2024-02-07 10:20:59.473277
./data/osc/data27.txt,osc,Continent,10,10,4,4,4,4,4,4,4,4,4,22,22,8,8,8,8,8,8,8,8,8,0.71,0.71,0.89,0.89,0.89,0.89,0.89,0.89,0.89,0.89,0.89,1,1,1,1,1,1,1,1,1,1,1,10,10,2024-02-07 12:34:51.126723
./data/osc/data29.txt,osc,Continent,1,1,1,1,1,1,1,1,1,1,1,4,4,4,4,4,4,4,4,4,4,4,0.97,0.97,0.97,0.97,0.97,0.97,0.97,0.97,0.97,0.97,0.97,1,1,1,1,1,1,1,1,1,1,1,10,10,2024-02-07 12:37:07.129259
./data/osc/data31.txt,osc,Continent,1,3,3,3,3,3,3,3,3,3,3,7,12,12,12,12,12,12,12,12,12,12,0.97,0.91,0.91,0.91,0.91,0.91,0.91,0.91,0.91,0.91,0.91,1,1,1,1,1,1,1,1,1,1,1,10,10,2024-02-07 12:38:54.293426
./data/osc/data33.txt,osc,Continent,4,4,0,5,1,1,1,1,1,1,1,5,5,0,5,0,0,0,0,0,0,0,0.9,0.9,1,0.88,0.98,0.98,0.98,0.98,0.98,0.98,0.98,1,1,1,1,1,1,1,1,1,1,1,10,10,2024-02-07 12:41:30.847783
./data/osc/data35.txt,osc,Continent,14,14,14,14,14,14,14,14,14,14,14,45,45,45,45,45,45,45,45,45,45,45,0.56,0.56,0.56,0.56,0.56,0.56,0.56,0.56,0.56,0.57,0.57,1,1,1,1,1,1,1,1,1,1,1,10,10,2024-02-07 12:44:09.527015
./data/osc/data37.txt,osc,Continent,4,4,4,4,4,4,4,4,4,4,4,4,4,4,4,4,4,4,4,4,4,4,0.88,0.88,0.88,0.88,0.88,0.88,0.88,0.88,0.88,0.88,0.88,1,1,1,1,1,1,1,1,1,1,1,10,10,2024-02-07 12:46:44.285309
./data/osc/data39.txt,osc,Continent,7,7,7,7,7,7,7,7,5,5,5,8,8,8,8,8,8,8,8,8,8,8,0.81,0.81,0.81,0.81,0.81,0.81,0.81,0.81,0.86,0.86,0.86,1,1,1,1,1,1,1,1,1,1,1,10,10,2024-02-07 12:48:20.886431
./data/osc/data41.txt,osc,Continent,3,3,3,3,3,1,1,1,1,1,1,9,9,9,9,9,6,6,6,6,6,6,0.91,0.91,0.91,0.91,0.91,0.97,0.97,0.97,0.97,0.97,0.97,1,1,1,1,1,1,1,1,1,1,1,10,10,2024-02-07 12:50:16.854901
./data/osc/data43.txt,osc,Continent,13,13,13,13,13,13,13,13,13,13,13,41,41,41,41,41,41,41,41,41,41,41,0.63,0.63,0.63,0.63,0.63,0.63,0.63,0.63,0.63,0.63,0.63,1,1,1,1,1,1,1,1,1,1,1,10,10,2024-02-07 12:52:04.978703
./data/osc/data45.txt,osc,Continent,4,4,4,4,4,4,4,4,4,4,4,4,4,4,4,4,4,4,4,4,4,4,0.91,0.91,0.91,0.91,0.91,0.91,0.91,0.91,0.91,0.91,0.91,1,1,1,1,1,1,1,1,1,1,1,10,10,2024-02-07 12:54:12.388841
./data/osc/data47.txt,osc,Continent,3,3,3,3,3,3,3,3,3,3,3,14,14,14,14,14,14,14,14,14,14,14,0.92,0.92,0.92,0.92,0.92,0.92,0.92,0.92,0.92,0.92,0.92,1,1,1,1,1,1,1,1,1,1,1,10,10,2024-02-07 12:56:07.654925
./data/osc/data49.txt,osc,Continent,3,3,3,3,3,3,3,3,3,3,3,8,8,8,8,8,8,8,8,8,8,8,0.93,0.93,0.93,0.93,0.93,0.93,0.93,0.93,0.93,0.93,0.93,1,1,1,1,1,1,1,1,1,1,1,10,10,2024-02-07 12:57:25.227433
./data/poly/data17.txt,poly,Continent,7,7,7,7,7,7,5,5,5,5,5,19,19,19,19,19,19,9,9,9,9,9,0.81,0.81,0.81,0.81,0.81,0.81,0.88,0.88,0.88,0.88,0.88,1,1,1,1,1,1,2,2,2,2,2,10,10,2024-02-07 10:23:35.590293
./data/poly/data19.txt,poly,Continent,10,10,10,11,11,11,14,14,14,14,14,24,24,24,31,31,31,39,39,39,39,39,0.77,0.77,0.77,0.76,0.76,0.76,0.72,0.72,0.72,0.72,0.72,1,1,1,2,2,2,3,3,3,3,3,10,10,2024-02-07 10:27:40.279169
./data/poly/data21.txt,poly,Continent,14,15,15,15,13,16,16,16,16,16,16,28,35,35,35,27,41,37,37,37,37,37,0.65,0.65,0.65,0.65,0.72,0.64,0.68,0.68,0.68,0.68,0.68,1,2,2,2,3,3,4,4,4,4,4,10,10,2024-02-07 10:32:54.731583
./data/poly/data23.txt,poly,Continent,4,4,3,3,3,3,3,6,5,5,5,2,2,2,2,2,2,2,11,11,11,11,0.92,0.92,0.94,0.94,0.94,0.94,0.94,0.89,0.91,0.91,0.91,1,1,1,1,1,1,1,2,2,2,2,10,10,2024-02-07 10:35:55.568788
./data/poly/data25.txt,poly,Continent,14,17,17,17,15,18,18,18,17,17,17,34,48,48,48,46,46,46,46,47,47,47,0.64,0.57,0.57,0.57,0.63,0.58,0.58,0.58,0.59,0.59,0.59,1,2,2,2,3,3,3,3,3,3,3,10,10,2024-02-07 10:39:55.356512
./data/poly/data27.txt,poly,Continent,8,9,9,11,11,11,11,11,11,11,11,29,25,25,21,21,21,21,21,21,28,28,0.78,0.81,0.81,0.78,0.78,0.78,0.78,0.78,0.78,0.74,0.74,1,2,2,3,3,3,3,3,3,3,3,10,10,2024-02-07 10:43:29.741601
./data/poly/data29.txt,poly,Continent,12,12,12,12,12,12,12,12,13,13,13,48,48,48,48,48,48,46,46,47,47,47,0.62,0.62,0.62,0.62,0.62,0.62,0.62,0.62,0.59,0.59,0.59,1,1,1,1,1,1,2,2,2,2,2,10,10,2024-02-07 10:46:12.626183
./data/osc/data51.txt,osc,Continent,12,12,8,8,8,9,9,9,26,26,26,42,42,20,20,15,27,27,27,83,83,83,0.83,0.83,0.89,0.89,0.9,0.88,0.88,0.88,0.58,0.58,0.58,1,1,1,1,1,1,1,1,1,1,1,10,15,2024-02-07 13:04:02.064498
./data/osc/data53.txt,osc,Continent,20,23,24,24,24,24,24,24,24,24,24,89,101,102,102,102,102,102,102,102,102,102,0.7,0.64,0.62,0.62,0.62,0.62,0.62,0.62,0.62,0.62,0.62,1,1,1,1,1,1,1,1,1,1,1,10,15,2024-02-07 13:09:19.377027
./data/osc/data55.txt,osc,Continent,12,12,12,12,12,12,12,12,12,12,12,46,46,46,46,46,46,46,46,46,46,46,0.86,0.86,0.86,0.86,0.86,0.86,0.86,0.86,0.86,0.86,0.86,1,1,1,1,1,1,1,1,1,1,1,10,15,2024-02-07 13:12:45.517880
./data/osc/data57.txt,osc,Continent,24,24,21,21,21,21,21,21,21,21,21,76,76,73,73,73,73,73,73,73,73,73,0.71,0.71,0.74,0.74,0.74,0.74,0.74,0.74,0.74,0.74,0.74,1,1,1,1,1,1,1,1,1,1,1,10,15,2024-02-07 13:25:13.608397
./data/osc/data59.txt,osc,Continent,32,32,31,31,31,17,24,24,24,24,24,98,98,98,98,98,60,82,82,82,82,82,0.54,0.54,0.55,0.55,0.55,0.8,0.68,0.68,0.68,0.68,0.68,1,1,1,1,1,1,1,1,1,1,1,10,15,2024-02-07 13:30:56.682610
./data/osc/data61.txt,osc,Continent,28,28,28,28,28,28,28,28,28,28,28,76,76,76,76,76,76,76,76,76,76,76,0.6,0.6,0.6,0.6,0.6,0.6,0.6,0.6,0.6,0.6,0.6,1,1,1,1,1,1,1,1,1,1,1,10,15,2024-02-07 13:35:20.621203
./data/poly/data31.txt,poly,Continent,26,24,25,25,25,29,29,29,29,30,30,119,124,124,124,124,120,120,120,120,120,120,0.44,0.53,0.6,0.6,0.6,0.56,0.56,0.56,0.56,0.55,0.55,1,2,3,3,3,4,4,4,4,5,5,10,15,2024-02-07 10:52:55.342775
./data/poly/data33.txt,poly,Continent,22,19,18,16,21,21,21,21,20,22,22,56,44,44,39,43,43,43,43,43,68,68,0.6,0.67,0.68,0.77,0.72,0.72,0.72,0.72,0.73,0.71,0.71,1,2,2,3,4,4,4,4,4,5,5,10,15,2024-02-07 11:00:57.015589
./data/poly/data35.txt,poly,Continent,21,21,19,25,25,24,24,26,26,26,25,60,60,60,59,59,59,59,59,59,70,70,0.51,0.51,0.53,0.46,0.46,0.47,0.47,0.45,0.45,0.53,0.54,1,1,1,2,2,2,2,3,3,3,3,10,15,2024-02-07 11:06:23.105896
./data/poly/data37.txt,poly,Continent,13,15,17,17,18,17,17,17,15,15,15,47,36,45,45,42,34,33,33,34,34,34,0.68,0.7,0.68,0.68,0.68,0.7,0.71,0.71,0.74,0.74,0.74,1,2,3,3,4,4,5,5,5,5,5,10,15,2024-02-07 11:14:10.002710
./data/poly/data39.txt,poly,Continent,18,17,19,19,20,19,18,17,19,19,19,67,69,68,66,64,65,54,52,38,38,38,0.61,0.7,0.68,0.7,0.69,0.7,0.72,0.72,0.71,0.71,0.71,1,2,3,4,5,5,5,5,6,6,6,10,15,2024-02-07 11:24:53.616055
./data/poly/data41.txt,poly,Continent,23,27,27,27,26,25,25,28,25,25,25,89,103,103,107,100,102,102,101,100,100,100,0.59,0.58,0.56,0.59,0.61,0.58,0.58,0.56,0.59,0.59,0.59,1,2,3,4,5,5,5,6,5,5,5,10,15,2024-02-07 12:07:34.755557
./data/poly/data43.txt,poly,Continent,20,21,21,21,22,21,21,21,21,21,21,75,78,78,78,65,68,68,68,68,68,68,0.59,0.66,0.66,0.66,0.68,0.69,0.69,0.69,0.69,0.69,0.69,1,2,2,2,3,3,3,3,3,3,3,10,15,2024-02-07 12:16:42.592829
./data/poly/data45.txt,poly,Continent,13,18,14,15,15,22,22,16,16,16,13,9,4,4,4,4,4,4,4,4,4,4,0.65,0.59,0.65,0.6,0.6,0.53,0.53,0.6,0.6,0.6,0.65,1,2,2,3,3,4,4,4,4,4,4,10,15,2024-02-07 12:24:13.172237
./data/osc/data1.txt,osc,DirectLingam,1,1,1,1,1,1,1,1,1,1,5,1,1,1,1,1,1,1,1,1,1,5,0,0,0,0,0,0,0,0,0,0,0.46,1,1,1,1,1,1,1,1,1,1,1,10,5,2024-02-06 15:11:25.341455
./data/osc/data2.txt,osc,DirectLingam,1,1,1,1,1,1,1,1,1,1,5,1,1,1,1,1,1,1,1,1,1,5,0,0,0,0,0,0,0,0,0,0,0.67,1,1,1,1,1,1,1,1,1,1,1,10,5,2024-02-06 15:15:08.038619
./data/osc/data3.txt,osc,DirectLingam,1,1,1,1,1,1,1,1,1,1,5,1,1,1,1,1,1,1,1,1,1,5,0,0,0,0,0,0,0,0,0,0,0.36,1,1,1,1,1,1,1,1,1,1,1,10,5,2024-02-06 15:18:13.322397
./data/osc/data4.txt,osc,DirectLingam,1,1,1,1,1,1,1,1,1,1,6,1,1,1,1,1,1,1,1,1,1,11,0,0,0,0,0,0,0,0,0,0,0.4,1,1,1,1,1,1,1,1,1,1,1,10,5,2024-02-06 15:21:05.309891
./data/osc/data5.txt,osc,DirectLingam,1,1,1,1,1,1,1,1,1,1,7,1,1,1,1,1,1,1,1,1,1,9,0,0,0,0,0,0,0,0,0,0,0.31,1,1,1,1,1,1,1,1,1,1,1,10,5,2024-02-06 15:23:36.990021
./data/osc/data6.txt,osc,DirectLingam,1,1,1,1,1,1,1,1,1,1,6,1,1,1,1,1,1,1,1,1,1,8,0,0,0,0,0,0,0,0,0,0,0.43,1,1,1,1,1,1,1,1,1,1,1,10,5,2024-02-06 15:26:41.028733
./data/osc/data7.txt,osc,DirectLingam,1,1,1,1,1,1,1,1,1,1,5,1,1,1,1,1,1,1,1,1,1,6,0,0,0,0,0,0,0,0,0,0,0.57,1,1,1,1,1,1,1,1,1,1,1,10,5,2024-02-06 15:29:24.652045
./data/osc/data8.txt,osc,DirectLingam,1,1,1,1,1,1,1,1,1,1,3,1,1,1,1,1,1,1,1,1,1,10,0,0,0,0,0,0,0,0,0,0,0.62,1,1,1,1,1,1,1,1,1,1,1,10,5,2024-02-06 15:32:13.056969
./data/osc/data9.txt,osc,DirectLingam,1,1,1,1,1,1,1,1,1,1,4,1,1,1,1,1,1,1,1,1,1,14,0,0,0,0,0,0,0,0,0,0,0.36,1,1,1,1,1,1,1,1,1,1,1,10,5,2024-02-06 15:34:52.299811
./data/osc/data10.txt,osc,DirectLingam,1,1,1,1,1,1,1,1,1,1,6,1,1,1,1,1,1,1,1,1,1,3,0,0,0,0,0,0,0,0,0,0,0.5,1,1,1,1,1,1,1,1,1,1,1,10,5,2024-02-06 15:37:09.361408
./data/osc/data11.txt,osc,DirectLingam,1,1,1,1,1,1,1,1,1,1,2,1,1,1,1,1,1,1,1,1,1,0,0,0,0,0,0,0,0,0,0,0,0.75,1,1,1,1,1,1,1,1,1,1,1,10,5,2024-02-06 15:39:27.438479
./data/osc/data12.txt,osc,DirectLingam,1,1,1,1,1,1,1,1,1,1,3,1,1,1,1,1,1,1,1,1,1,4,0,0,0,0,0,0,0,0,0,0,0.5,1,1,1,1,1,1,1,1,1,1,1,10,5,2024-02-06 15:41:45.189339
./data/osc/data13.txt,osc,DirectLingam,1,1,1,1,1,1,1,1,1,1,4,1,1,1,1,1,1,1,1,1,1,0,0,0,0,0,0,0,0,0,0,0,0.75,1,1,1,1,1,1,1,1,1,1,1,10,5,2024-02-06 15:44:21.006364
./data/osc/data14.txt,osc,DirectLingam,1,1,1,1,1,1,1,1,1,1,1,1,1,1,1,1,1,1,1,1,1,0,0,0,0,0,0,0,0,0,0,0,0.86,1,1,1,1,1,1,1,1,1,1,1,10,5,2024-02-06 15:46:49.906136
./data/osc/data15.txt,osc,DirectLingam,1,1,1,1,1,1,1,1,1,1,4,1,1,1,1,1,1,1,1,1,1,2,0,0,0,0,0,0,0,0,0,0,0.55,1,1,1,1,1,1,1,1,1,1,1,10,5,2024-02-06 15:49:31.971559
./data/osc/data16.txt,osc,DirectLingam,1,1,1,1,1,1,1,1,1,1,2,1,1,1,1,1,1,1,1,1,1,1,0,0,0,0,0,0,0,0,0,0,0.75,1,1,1,1,1,1,1,1,1,1,1,10,5,2024-02-06 15:51:50.206294
./data/osc/data17.txt,osc,DirectLingam,1,1,1,1,1,1,1,1,1,1,6,1,1,1,1,1,1,1,1,1,1,3,0,0,0,0,0,0,0,0,0,0,0.5,1,1,1,1,1,1,1,1,1,1,1,10,5,2024-02-06 15:54:24.624089
./data/osc/data18.txt,osc,DirectLingam,1,1,1,1,1,1,1,1,1,1,4,1,1,1,1,1,1,1,1,1,1,3,0,0,0,0,0,0,0,0,0,0,0.44,1,1,1,1,1,1,1,1,1,1,1,10,5,2024-02-06 15:56:43.732802
./data/osc/data19.txt,osc,DirectLingam,1,1,1,1,1,1,1,1,1,1,2,1,1,1,1,1,1,1,1,1,1,5,0,0,0,0,0,0,0,0,0,0,0.4,1,1,1,1,1,1,1,1,1,1,1,10,5,2024-02-06 15:59:18.140886
./data/osc/data20.txt,osc,DirectLingam,1,1,1,1,1,1,1,1,1,1,4,1,1,1,1,1,1,1,1,1,1,0,0,0,0,0,0,0,0,0,0,0,0.75,1,1,1,1,1,1,1,1,1,1,1,10,5,2024-02-06 16:02:10.157511
./data/osc/data21.txt,osc,DirectLingam,1,1,1,1,1,1,1,1,1,1,4,1,1,1,1,1,1,1,1,1,1,3,0,0,0,0,0,0,0,0,0,0,0.6,1,1,1,1,1,1,1,1,1,1,1,10,5,2024-02-06 16:04:42.429509
./data/osc/data22.txt,osc,DirectLingam,1,1,1,1,1,1,1,1,1,1,2,1,1,1,1,1,1,1,1,1,1,3,0,0,0,0,0,0,0,0,0,0,0.67,1,1,1,1,1,1,1,1,1,1,1,10,5,2024-02-06 16:07:04.725048
./data/osc/data23.txt,osc,DirectLingam,1,1,1,1,1,1,1,1,1,1,3,1,1,1,1,1,1,1,1,1,1,3,0,0,0,0,0,0,0,0,0,0,0.5,1,1,1,1,1,1,1,1,1,1,1,10,5,2024-02-06 16:09:27.045345
./data/osc/data24.txt,osc,DirectLingam,1,1,1,1,1,1,1,1,1,1,6,1,1,1,1,1,1,1,1,1,1,10,0,0,0,0,0,0,0,0,0,0,0.47,1,1,1,1,1,1,1,1,1,1,1,10,5,2024-02-06 16:12:08.136610
./data/osc/data25.txt,osc,DirectLingam,1,1,1,1,1,1,1,1,1,1,3,1,1,1,1,1,1,1,1,1,1,2,0,0,0,0,0,0,0,0,0,0,0.57,1,1,1,1,1,1,1,1,1,1,1,10,5,2024-02-06 16:14:28.988681
./data/poly/data1.txt,poly,DirectLingam,1,1,1,1,1,1,1,1,1,1,8,1,1,1,1,1,1,1,1,1,1,18,0,0,0,0,0,0,0,0,0,0,0.21,1,1,1,1,1,1,1,1,1,1,1,10,5,2024-02-06 14:46:05.178569
./data/poly/data2.txt,poly,DirectLingam,1,1,1,1,1,1,1,1,1,1,4,1,1,1,1,1,1,1,1,1,1,14,0,0,0,0,0,0,0,0,0,0,0.63,1,1,1,1,1,1,1,1,1,1,1,10,5,2024-02-06 14:49:03.663445
./data/poly/data3.txt,poly,DirectLingam,1,1,1,1,1,1,1,1,1,1,6,1,1,1,1,1,1,1,1,1,1,16,0,0,0,0,0,0,0,0,0,0,0.42,1,1,1,1,1,1,1,1,1,1,1,10,5,2024-02-06 14:51:54.798375
./data/poly/data4.txt,poly,DirectLingam,1,1,1,1,1,1,1,1,1,1,5,1,1,1,1,1,1,1,1,1,1,15,0,0,0,0,0,0,0,0,0,0,0.56,1,1,1,1,1,1,1,1,1,1,1,10,5,2024-02-06 14:54:14.941555
./data/poly/data5.txt,poly,DirectLingam,1,1,1,1,1,1,1,1,1,1,4,1,1,1,1,1,1,1,1,1,1,10,0,0,0,0,0,0,0,0,0,0,0.67,1,1,1,1,1,1,1,1,1,1,1,10,5,2024-02-06 14:56:54.281805
./data/poly/data6.txt,poly,DirectLingam,1,1,1,1,1,1,1,1,1,1,8,1,1,1,1,1,1,1,1,1,1,18,0,0,0,0,0,0,0,0,0,0,0.22,1,1,1,1,1,1,1,1,1,1,1,10,5,2024-02-06 14:59:55.924200
./data/poly/data7.txt,poly,DirectLingam,1,1,1,1,1,1,1,1,1,1,8,1,1,1,1,1,1,1,1,1,1,18,0,0,0,0,0,0,0,0,0,0,0.2,1,1,1,1,1,1,1,1,1,1,1,10,5,2024-02-06 15:02:51.219331
./data/poly/data8.txt,poly,DirectLingam,1,1,1,1,1,1,1,1,1,1,3,1,1,1,1,1,1,1,1,1,1,9,0,0,0,0,0,0,0,0,0,0,0.74,1,1,1,1,1,1,1,1,1,1,1,10,5,2024-02-06 15:05:56.584241
./data/osc/data26.txt,osc,DirectLingam,1,1,1,1,1,1,1,1,1,1,24,1,1,1,1,1,1,1,1,1,1,50,0,0,0,0,0,0,0,0,0,0,0.29,1,1,1,1,1,1,1,1,1,1,1,10,10,2024-02-06 16:26:40.226344
./data/osc/data27.txt,osc,DirectLingam,1,1,1,1,1,1,1,1,1,1,38,1,1,1,1,1,1,1,1,1,1,72,0,0,0,0,0,0,0,0,0,0,0.14,1,1,1,1,1,1,1,1,1,1,1,10,10,2024-02-06 16:40:46.000904
./data/osc/data28.txt,osc,DirectLingam,1,1,1,1,1,1,1,1,1,1,34,1,1,1,1,1,1,1,1,1,1,57,0,0,0,0,0,0,0,0,0,0,0.24,1,1,1,1,1,1,1,1,1,1,1,10,10,2024-02-06 16:54:29.497230
./data/osc/data29.txt,osc,DirectLingam,1,1,1,1,1,1,1,1,1,1,17,1,1,1,1,1,1,1,1,1,1,26,0,0,0,0,0,0,0,0,0,0,0.49,1,1,1,1,1,1,1,1,1,1,1,10,10,2024-02-06 17:05:38.826915
./data/osc/data30.txt,osc,DirectLingam,1,1,1,1,1,1,1,1,1,1,26,1,1,1,1,1,1,1,1,1,1,52,0,0,0,0,0,0,0,0,0,0,0.4,1,1,1,1,1,1,1,1,1,1,1,10,10,2024-02-06 17:19:32.778731
./data/osc/data31.txt,osc,DirectLingam,1,1,1,1,1,1,1,1,1,1,25,1,1,1,1,1,1,1,1,1,1,64,0,0,0,0,0,0,0,0,0,0,0.29,1,1,1,1,1,1,1,1,1,1,1,10,10,2024-02-06 17:30:27.164366
./data/osc/data32.txt,osc,DirectLingam,1,1,1,1,1,1,1,1,1,1,25,1,1,1,1,1,1,1,1,1,1,29,0,0,0,0,0,0,0,0,0,0,0.53,1,1,1,1,1,1,1,1,1,1,1,10,10,2024-02-06 17:46:14.446721
./data/osc/data33.txt,osc,DirectLingam,1,1,1,1,1,1,1,1,1,1,28,1,1,1,1,1,1,1,1,1,1,32,0,0,0,0,0,0,0,0,0,0,0.48,1,1,1,1,1,1,1,1,1,1,1,10,10,2024-02-06 17:59:39.950483
./data/osc/data34.txt,osc,DirectLingam,1,1,1,1,1,1,1,1,1,1,33,1,1,1,1,1,1,1,1,1,1,69,0,0,0,0,0,0,0,0,0,0,0.22,1,1,1,1,1,1,1,1,1,1,1,10,10,2024-02-06 18:09:56.540035
./data/osc/data35.txt,osc,DirectLingam,1,1,1,1,1,1,1,1,1,1,25,1,1,1,1,1,1,1,1,1,1,60,0,0,0,0,0,0,0,0,0,0,0.46,1,1,1,1,1,1,1,1,1,1,1,10,10,2024-02-06 18:23:06.838401
./data/osc/data36.txt,osc,DirectLingam,1,1,1,1,1,1,1,1,1,1,27,1,1,1,1,1,1,1,1,1,1,51,0,0,0,0,0,0,0,0,0,0,0.41,1,1,1,1,1,1,1,1,1,1,1,10,10,2024-02-06 19:03:49.646293
./data/osc/data37.txt,osc,DirectLingam,1,1,1,1,1,1,1,1,1,1,23,1,1,1,1,1,1,1,1,1,1,61,0,0,0,0,0,0,0,0,0,0,0.3,1,1,1,1,1,1,1,1,1,1,1,10,10,2024-02-06 19:15:29.299193
./data/osc/data38.txt,osc,DirectLingam,1,1,1,1,1,1,1,1,1,1,28,1,1,1,1,1,1,1,1,1,1,60,0,0,0,0,0,0,0,0,0,0,0.27,1,1,1,1,1,1,1,1,1,1,1,10,10,2024-02-06 19:28:15.016513
./data/osc/data39.txt,osc,DirectLingam,1,1,1,1,1,1,1,1,1,1,27,1,1,1,1,1,1,1,1,1,1,42,0,0,0,0,0,0,0,0,0,0,0.41,1,1,1,1,1,1,1,1,1,1,1,10,10,2024-02-06 19:42:03.352473
./data/osc/data40.txt,osc,DirectLingam,1,1,1,1,1,1,1,1,1,1,25,1,1,1,1,1,1,1,1,1,1,57,0,0,0,0,0,0,0,0,0,0,0.34,1,1,1,1,1,1,1,1,1,1,1,10,10,2024-02-06 19:55:48.220730
./data/osc/data41.txt,osc,DirectLingam,1,1,1,1,1,1,1,1,1,1,25,1,1,1,1,1,1,1,1,1,1,65,0,0,0,0,0,0,0,0,0,0,0.28,1,1,1,1,1,1,1,1,1,1,1,10,10,2024-02-06 20:09:17.717078
./data/osc/data42.txt,osc,DirectLingam,1,1,1,1,1,1,1,1,1,1,27,1,1,1,1,1,1,1,1,1,1,52,0,0,0,0,0,0,0,0,0,0,0.46,1,1,1,1,1,1,1,1,1,1,1,10,10,2024-02-06 20:23:57.560863
./data/osc/data43.txt,osc,DirectLingam,1,1,1,1,1,1,1,1,1,1,25,1,1,1,1,1,1,1,1,1,1,48,0,0,0,0,0,0,0,0,0,0,0.46,1,1,1,1,1,1,1,1,1,1,1,10,10,2024-02-06 20:35:41.771005
./data/osc/data44.txt,osc,DirectLingam,1,1,1,1,1,1,1,1,1,1,24,1,1,1,1,1,1,1,1,1,1,25,0,0,0,0,0,0,0,0,0,0,0.56,1,1,1,1,1,1,1,1,1,1,1,10,10,2024-02-06 20:47:28.812301
./data/osc/data45.txt,osc,DirectLingam,1,1,1,1,1,1,1,1,1,1,28,1,1,1,1,1,1,1,1,1,1,49,0,0,0,0,0,0,0,0,0,0,0.41,1,1,1,1,1,1,1,1,1,1,1,10,10,2024-02-06 20:58:02.937129
./data/osc/data46.txt,osc,DirectLingam,1,1,1,1,1,1,1,1,1,1,30,1,1,1,1,1,1,1,1,1,1,47,0,0,0,0,0,0,0,0,0,0,0.33,1,1,1,1,1,1,1,1,1,1,1,10,10,2024-02-06 21:06:37.012308
./data/osc/data47.txt,osc,DirectLingam,1,1,1,1,1,1,1,1,1,1,33,1,1,1,1,1,1,1,1,1,1,64,0,0,0,0,0,0,0,0,0,0,0.23,1,1,1,1,1,1,1,1,1,1,1,10,10,2024-02-06 21:15:32.116034
./data/osc/data48.txt,osc,DirectLingam,1,1,1,1,1,1,1,1,1,1,22,1,1,1,1,1,1,1,1,1,1,24,0,0,0,0,0,0,0,0,0,0,0.6,1,1,1,1,1,1,1,1,1,1,1,10,10,2024-02-06 21:27:08.467750
./data/osc/data49.txt,osc,DirectLingam,1,1,1,1,1,1,1,1,1,1,25,1,1,1,1,1,1,1,1,1,1,31,0,0,0,0,0,0,0,0,0,0,0.54,1,1,1,1,1,1,1,1,1,1,1,10,10,2024-02-06 21:39:41.219285
./data/osc/data50.txt,osc,DirectLingam,1,1,1,1,1,1,1,1,1,1,28,1,1,1,1,1,1,1,1,1,1,58,0,0,0,0,0,0,0,0,0,0,0.33,1,1,1,1,1,1,1,1,1,1,1,10,10,2024-02-06 21:49:31.027838
./data/osc/data51.txt,osc,DirectLingam,1,1,1,1,1,1,1,1,1,1,72,1,1,1,1,1,1,1,1,1,1,167,0,0,0,0,0,0,0,0,0,0,0.14,1,1,1,1,1,1,1,1,1,1,1,10,15,2024-02-06 22:18:27.246658
./data/osc/data52.txt,osc,DirectLingam,1,1,1,1,1,1,1,1,1,1,70,1,1,1,1,1,1,1,1,1,1,119,0,0,0,0,0,0,0,0,0,0,0.38,1,1,1,1,1,1,1,1,1,1,1,10,15,2024-02-06 22:49:47.875666
./data/osc/data53.txt,osc,DirectLingam,1,1,1,1,1,1,1,1,1,1,79,1,1,1,1,1,1,1,1,1,1,132,0,0,0,0,0,0,0,0,0,0,0.27,1,1,1,1,1,1,1,1,1,1,1,10,15,2024-02-06 23:22:24.208281
./data/osc/data55.txt,osc,DirectLingam,1,1,1,1,1,1,1,1,1,1,68,1,1,1,1,1,1,1,1,1,1,94,0,0,0,0,0,0,0,0,0,0,0.39,1,1,1,1,1,1,1,1,1,1,1,10,15,2024-02-07 00:17:23.088780
./data/osc/data57.txt,osc,DirectLingam,1,1,1,1,1,1,1,1,1,1,67,1,1,1,1,1,1,1,1,1,1,140,0,0,0,0,0,0,0,0,0,0,0.36,1,1,1,1,1,1,1,1,1,1,1,10,15,2024-02-07 00:46:24.540186
./data/osc/data59.txt,osc,DirectLingam,1,1,1,1,1,1,1,1,1,1,80,1,1,1,1,1,1,1,1,1,1,162,0,0,0,0,0,0,0,0,0,0,0.2,1,1,1,1,1,1,1,1,1,1,1,10,15,2024-02-07 01:17:36.798980
./data/osc/data61.txt,osc,DirectLingam,1,1,1,1,1,1,1,1,1,1,67,1,1,1,1,1,1,1,1,1,1,113,0,0,0,0,0,0,0,0,0,0,0.39,1,1,1,1,1,1,1,1,1,1,1,10,15,2024-02-07 01:50:10.945469
./data/osc/data63.txt,osc,DirectLingam,1,1,1,1,1,1,1,1,1,1,70,1,1,1,1,1,1,1,1,1,1,142,0,0,0,0,0,0,0,0,0,0,0.36,1,1,1,1,1,1,1,1,1,1,1,10,15,2024-02-07 02:15:29.599014
./data/osc/data65.txt,osc,DirectLingam,1,1,1,1,1,1,1,1,1,1,71,1,1,1,1,1,1,1,1,1,1,142,0,0,0,0,0,0,0,0,0,0,0.31,1,1,1,1,1,1,1,1,1,1,1,10,15,2024-02-07 02:49:47.995307
./data/osc/data67.txt,osc,DirectLingam,1,1,1,1,1,1,1,1,1,1,74,1,1,1,1,1,1,1,1,1,1,174,0,0,0,0,0,0,0,0,0,0,0.17,1,1,1,1,1,1,1,1,1,1,1,10,15,2024-02-07 03:18:24.963407
./data/osc/data69.txt,osc,DirectLingam,1,1,1,1,1,1,1,1,1,1,73,1,1,1,1,1,1,1,1,1,1,144,0,0,0,0,0,0,0,0,0,0,0.25,1,1,1,1,1,1,1,1,1,1,1,10,15,2024-02-07 03:52:35.911386
./data/osc/data71.txt,osc,DirectLingam,1,1,1,1,1,1,1,1,1,1,76,1,1,1,1,1,1,1,1,1,1,131,0,0,0,0,0,0,0,0,0,0,0.32,1,1,1,1,1,1,1,1,1,1,1,10,15,2024-02-07 04:26:11.863385
./data/osc/data73.txt,osc,DirectLingam,1,1,1,1,1,1,1,1,1,1,69,1,1,1,1,1,1,1,1,1,1,121,0,0,0,0,0,0,0,0,0,0,0.37,1,1,1,1,1,1,1,1,1,1,1,10,15,2024-02-07 04:57:29.582691
./data/osc/data75.txt,osc,DirectLingam,1,1,1,1,1,1,1,1,1,1,83,1,1,1,1,1,1,1,1,1,1,151,0,0,0,0,0,0,0,0,0,0,0.19,1,1,1,1,1,1,1,1,1,1,1,10,15,2024-02-07 05:33:17.443347
./data/osc/data1.txt,osc,GES,1,1,1,1,1,1,1,1,1,1,3,1,1,1,1,1,1,1,1,1,1,6,1,1,1,1,1,1,1,1,1,1,0.73,1,1,1,1,1,1,1,1,1,1,1,10,5,2024-02-06 15:11:25.341484
./data/osc/data2.txt,osc,GES,1,1,1,1,1,1,1,1,1,1,9,1,1,1,1,1,1,1,1,1,1,20,1,1,1,1,1,1,1,1,1,1,0.22,1,1,1,1,1,1,1,1,1,1,1,10,5,2024-02-06 15:15:08.038653
./data/osc/data3.txt,osc,GES,1,1,1,1,1,1,1,1,1,1,1,1,1,1,1,1,1,1,1,1,1,4,1,1,1,1,1,1,1,1,1,1,0.89,1,1,1,1,1,1,1,1,1,1,1,10,5,2024-02-06 15:18:13.322432
./data/osc/data4.txt,osc,GES,1,1,1,1,1,1,1,1,1,1,2,1,1,1,1,1,1,1,1,1,1,5,1,1,1,1,1,1,1,1,1,1,0.86,1,1,1,1,1,1,1,1,1,1,1,10,5,2024-02-06 15:21:05.309922
./data/osc/data5.txt,osc,GES,1,1,1,1,1,1,1,1,1,1,5,1,1,1,1,1,1,1,1,1,1,9,1,1,1,1,1,1,1,1,1,1,0.4,1,1,1,1,1,1,1,1,1,1,1,10,5,2024-02-06 15:23:36.990057
./data/osc/data6.txt,osc,GES,1,1,1,1,1,1,1,1,1,1,8,1,1,1,1,1,1,1,1,1,1,20,1,1,1,1,1,1,1,1,1,1,0.5,1,1,1,1,1,1,1,1,1,1,1,10,5,2024-02-06 15:26:41.028766
./data/osc/data7.txt,osc,GES,1,1,1,1,1,1,1,1,1,1,6,1,1,1,1,1,1,1,1,1,1,13,1,1,1,1,1,1,1,1,1,1,0.57,1,1,1,1,1,1,1,1,1,1,1,10,5,2024-02-06 15:29:24.652076
./data/osc/data8.txt,osc,GES,1,1,1,1,1,1,1,1,1,1,3,1,1,1,1,1,1,1,1,1,1,8,1,1,1,1,1,1,1,1,1,1,0.71,1,1,1,1,1,1,1,1,1,1,1,10,5,2024-02-06 15:32:13.057001
./data/osc/data9.txt,osc,GES,1,1,1,1,1,1,1,1,1,1,3,1,1,1,1,1,1,1,1,1,1,7,1,1,1,1,1,1,1,1,1,1,0.77,1,1,1,1,1,1,1,1,1,1,1,10,5,2024-02-06 15:34:52.299844
./data/osc/data10.txt,osc,GES,1,1,1,1,1,1,1,1,1,1,6,1,1,1,1,1,1,1,1,1,1,9,1,1,1,1,1,1,1,1,1,1,0.46,1,1,1,1,1,1,1,1,1,1,1,10,5,2024-02-06 15:37:09.361442
./data/osc/data11.txt,osc,GES,1,1,1,1,1,1,1,1,1,1,1,1,1,1,1,1,1,1,1,1,1,2,1,1,1,1,1,1,1,1,1,1,0.86,1,1,1,1,1,1,1,1,1,1,1,10,5,2024-02-06 15:39:27.438513
./data/osc/data12.txt,osc,GES,1,1,1,1,1,1,1,1,1,1,2,1,1,1,1,1,1,1,1,1,1,3,1,1,1,1,1,1,1,1,1,1,0.75,1,1,1,1,1,1,1,1,1,1,1,10,5,2024-02-06 15:41:45.189371
./data/osc/data13.txt,osc,GES,1,1,1,1,1,1,1,1,1,1,3,1,1,1,1,1,1,1,1,1,1,3,1,1,1,1,1,1,1,1,1,1,0.77,1,1,1,1,1,1,1,1,1,1,1,10,5,2024-02-06 15:44:21.006394
./data/osc/data14.txt,osc,GES,1,1,1,1,1,1,1,1,1,1,3,1,1,1,1,1,1,1,1,1,1,12,1,1,1,1,1,1,1,1,1,1,0.67,1,1,1,1,1,1,1,1,1,1,1,10,5,2024-02-06 15:46:49.906170
./data/osc/data15.txt,osc,GES,1,1,1,1,1,1,1,1,1,1,5,1,1,1,1,1,1,1,1,1,1,8,1,1,1,1,1,1,1,1,1,1,0.36,1,1,1,1,1,1,1,1,1,1,1,10,5,2024-02-06 15:49:31.971610
./data/osc/data16.txt,osc,GES,1,1,1,1,1,1,1,1,1,1,3,1,1,1,1,1,1,1,1,1,1,5,1,1,1,1,1,1,1,1,1,1,0.67,1,1,1,1,1,1,1,1,1,1,1,10,5,2024-02-06 15:51:50.206325
./data/osc/data17.txt,osc,GES,1,1,1,1,1,1,1,1,1,1,4,1,1,1,1,1,1,1,1,1,1,7,1,1,1,1,1,1,1,1,1,1,0.6,1,1,1,1,1,1,1,1,1,1,1,10,5,2024-02-06 15:54:24.624117
./data/osc/data18.txt,osc,GES,1,1,1,1,1,1,1,1,1,1,2,1,1,1,1,1,1,1,1,1,1,3,1,1,1,1,1,1,1,1,1,1,0.75,1,1,1,1,1,1,1,1,1,1,1,10,5,2024-02-06 15:56:43.732832
./data/osc/data19.txt,osc,GES,1,1,1,1,1,1,1,1,1,1,3,1,1,1,1,1,1,1,1,1,1,8,1,1,1,1,1,1,1,1,1,1,0.57,1,1,1,1,1,1,1,1,1,1,1,10,5,2024-02-06 15:59:18.140916
./data/osc/data20.txt,osc,GES,1,1,1,1,1,1,1,1,1,1,9,1,1,1,1,1,1,1,1,1,1,18,1,1,1,1,1,1,1,1,1,1,0.12,1,1,1,1,1,1,1,1,1,1,1,10,5,2024-02-06 16:02:10.157543
./data/osc/data21.txt,osc,GES,1,1,1,1,1,1,1,1,1,1,4,1,1,1,1,1,1,1,1,1,1,10,1,1,1,1,1,1,1,1,1,1,0.6,1,1,1,1,1,1,1,1,1,1,1,10,5,2024-02-06 16:04:42.429541
./data/osc/data22.txt,osc,GES,1,1,1,1,1,1,1,1,1,1,4,1,1,1,1,1,1,1,1,1,1,8,1,1,1,1,1,1,1,1,1,1,0.6,1,1,1,1,1,1,1,1,1,1,1,10,5,2024-02-06 16:07:04.725079
./data/osc/data23.txt,osc,GES,1,1,1,1,1,1,1,1,1,1,2,1,1,1,1,1,1,1,1,1,1,5,1,1,1,1,1,1,1,1,1,1,0.75,1,1,1,1,1,1,1,1,1,1,1,10,5,2024-02-06 16:09:27.045377
./data/osc/data24.txt,osc,GES,1,1,1,1,1,1,1,1,1,1,5,1,1,1,1,1,1,1,1,1,1,17,1,1,1,1,1,1,1,1,1,1,0.43,1,1,1,1,1,1,1,1,1,1,1,10,5,2024-02-06 16:12:08.136640
./data/osc/data25.txt,osc,GES,1,1,1,1,1,1,1,1,1,1,3,1,1,1,1,1,1,1,1,1,1,4,1,1,1,1,1,1,1,1,1,1,0.57,1,1,1,1,1,1,1,1,1,1,1,10,5,2024-02-06 16:14:28.988712
./data/poly/data1.txt,poly,GES,1,1,1,1,1,1,1,1,1,1,10,1,1,1,1,1,1,1,1,1,1,20,1,1,1,1,1,1,1,1,1,1,0.62,1,1,1,1,1,1,1,1,1,1,1,10,5,2024-02-06 14:46:05.178615
./data/poly/data2.txt,poly,GES,1,1,1,1,1,1,1,1,1,1,8,1,1,1,1,1,1,1,1,1,1,18,1,1,1,1,1,1,1,1,1,1,0.52,1,1,1,1,1,1,1,1,1,1,1,10,5,2024-02-06 14:49:03.663479
./data/poly/data3.txt,poly,GES,1,1,1,1,1,1,1,1,1,1,7,1,1,1,1,1,1,1,1,1,1,13,1,1,1,1,1,1,1,1,1,1,0.53,1,1,1,1,1,1,1,1,1,1,1,10,5,2024-02-06 14:51:54.798406
./data/poly/data4.txt,poly,GES,1,1,1,1,1,1,1,1,1,1,7,1,1,1,1,1,1,1,1,1,1,17,1,1,1,1,1,1,1,1,1,1,0.53,1,1,1,1,1,1,1,1,1,1,1,10,5,2024-02-06 14:54:14.941584
./data/poly/data5.txt,poly,GES,1,1,1,1,1,1,1,1,1,1,10,1,1,1,1,1,1,1,1,1,1,20,1,1,1,1,1,1,1,1,1,1,0.21,1,1,1,1,1,1,1,1,1,1,1,10,5,2024-02-06 14:56:54.281835
./data/poly/data6.txt,poly,GES,1,1,1,1,1,1,1,1,1,1,5,1,1,1,1,1,1,1,1,1,1,11,1,1,1,1,1,1,1,1,1,1,0.74,1,1,1,1,1,1,1,1,1,1,1,10,5,2024-02-06 14:59:55.924232
./data/poly/data7.txt,poly,GES,1,1,1,1,1,1,1,1,1,1,6,1,1,1,1,1,1,1,1,1,1,16,1,1,1,1,1,1,1,1,1,1,0.75,1,1,1,1,1,1,1,1,1,1,1,10,5,2024-02-06 15:02:51.219362
./data/poly/data8.txt,poly,GES,1,1,1,1,1,1,1,1,1,1,6,1,1,1,1,1,1,1,1,1,1,16,1,1,1,1,1,1,1,1,1,1,0.5,1,1,1,1,1,1,1,1,1,1,1,10,5,2024-02-06 15:05:56.584296
./data/osc/data26.txt,osc,GES,1,1,1,1,1,1,1,1,1,1,24,1,1,1,1,1,1,1,1,1,1,54,1,1,1,1,1,1,1,1,1,1,0.22,1,1,1,1,1,1,1,1,1,1,1,10,10,2024-02-06 16:26:40.226376
./data/osc/data27.txt,osc,GES,1,1,1,1,1,1,1,1,1,1,29,1,1,1,1,1,1,1,1,1,1,75,1,1,1,1,1,1,1,1,1,1,0.2,1,1,1,1,1,1,1,1,1,1,1,10,10,2024-02-06 16:40:46.000933
./data/osc/data28.txt,osc,GES,1,1,1,1,1,1,1,1,1,1,30,1,1,1,1,1,1,1,1,1,1,76,1,1,1,1,1,1,1,1,1,1,0.24,1,1,1,1,1,1,1,1,1,1,1,10,10,2024-02-06 16:54:29.497265
./data/osc/data29.txt,osc,GES,1,1,1,1,1,1,1,1,1,1,20,1,1,1,1,1,1,1,1,1,1,45,1,1,1,1,1,1,1,1,1,1,0.4,1,1,1,1,1,1,1,1,1,1,1,10,10,2024-02-06 17:05:38.826948
./data/osc/data30.txt,osc,GES,1,1,1,1,1,1,1,1,1,1,28,1,1,1,1,1,1,1,1,1,1,73,1,1,1,1,1,1,1,1,1,1,0.34,1,1,1,1,1,1,1,1,1,1,1,10,10,2024-02-06 17:19:32.778760
./data/osc/data31.txt,osc,GES,1,1,1,1,1,1,1,1,1,1,25,1,1,1,1,1,1,1,1,1,1,75,1,1,1,1,1,1,1,1,1,1,0.28,1,1,1,1,1,1,1,1,1,1,1,10,10,2024-02-06 17:30:27.164398
./data/osc/data32.txt,osc,GES,1,1,1,1,1,1,1,1,1,1,21,1,1,1,1,1,1,1,1,1,1,43,1,1,1,1,1,1,1,1,1,1,0.52,1,1,1,1,1,1,1,1,1,1,1,10,10,2024-02-06 17:46:14.446753
./data/osc/data33.txt,osc,GES,1,1,1,1,1,1,1,1,1,1,23,1,1,1,1,1,1,1,1,1,1,68,1,1,1,1,1,1,1,1,1,1,0.43,1,1,1,1,1,1,1,1,1,1,1,10,10,2024-02-06 17:59:39.950517
./data/osc/data34.txt,osc,GES,1,1,1,1,1,1,1,1,1,1,14,1,1,1,1,1,1,1,1,1,1,37,1,1,1,1,1,1,1,1,1,1,0.67,1,1,1,1,1,1,1,1,1,1,1,10,10,2024-02-06 18:09:56.540066
./data/osc/data35.txt,osc,GES,1,1,1,1,1,1,1,1,1,1,17,1,1,1,1,1,1,1,1,1,1,57,1,1,1,1,1,1,1,1,1,1,0.6,1,1,1,1,1,1,1,1,1,1,1,10,10,2024-02-06 18:23:06.838433
./data/osc/data36.txt,osc,GES,1,1,1,1,1,1,1,1,1,1,26,1,1,1,1,1,1,1,1,1,1,65,1,1,1,1,1,1,1,1,1,1,0.37,1,1,1,1,1,1,1,1,1,1,1,10,10,2024-02-06 19:03:49.646326
./data/osc/data37.txt,osc,GES,1,1,1,1,1,1,1,1,1,1,9,1,1,1,1,1,1,1,1,1,1,32,1,1,1,1,1,1,1,1,1,1,0.75,1,1,1,1,1,1,1,1,1,1,1,10,10,2024-02-06 19:15:29.299222
./data/osc/data38.txt,osc,GES,1,1,1,1,1,1,1,1,1,1,21,1,1,1,1,1,1,1,1,1,1,71,1,1,1,1,1,1,1,1,1,1,0.36,1,1,1,1,1,1,1,1,1,1,1,10,10,2024-02-06 19:28:15.016543
./data/osc/data39.txt,osc,GES,1,1,1,1,1,1,1,1,1,1,23,1,1,1,1,1,1,1,1,1,1,60,1,1,1,1,1,1,1,1,1,1,0.33,1,1,1,1,1,1,1,1,1,1,1,10,10,2024-02-06 19:42:03.352507
./data/osc/data40.txt,osc,GES,1,1,1,1,1,1,1,1,1,1,30,1,1,1,1,1,1,1,1,1,1,75,1,1,1,1,1,1,1,1,1,1,0.13,1,1,1,1,1,1,1,1,1,1,1,10,10,2024-02-06 19:55:48.220760
./data/osc/data41.txt,osc,GES,1,1,1,1,1,1,1,1,1,1,23,1,1,1,1,1,1,1,1,1,1,44,1,1,1,1,1,1,1,1,1,1,0.42,1,1,1,1,1,1,1,1,1,1,1,10,10,2024-02-06 20:09:17.717111
./data/osc/data42.txt,osc,GES,1,1,1,1,1,1,1,1,1,1,29,1,1,1,1,1,1,1,1,1,1,73,1,1,1,1,1,1,1,1,1,1,0.25,1,1,1,1,1,1,1,1,1,1,1,10,10,2024-02-06 20:23:57.560900
./data/osc/data43.txt,osc,GES,1,1,1,1,1,1,1,1,1,1,25,1,1,1,1,1,1,1,1,1,1,82,1,1,1,1,1,1,1,1,1,1,0.34,1,1,1,1,1,1,1,1,1,1,1,10,10,2024-02-06 20:35:41.771036
./data/osc/data44.txt,osc,GES,1,1,1,1,1,1,1,1,1,1,23,1,1,1,1,1,1,1,1,1,1,62,1,1,1,1,1,1,1,1,1,1,0.48,1,1,1,1,1,1,1,1,1,1,1,10,10,2024-02-06 20:47:28.812332
./data/osc/data45.txt,osc,GES,1,1,1,1,1,1,1,1,1,1,28,1,1,1,1,1,1,1,1,1,1,66,1,1,1,1,1,1,1,1,1,1,0.36,1,1,1,1,1,1,1,1,1,1,1,10,10,2024-02-06 20:58:02.937160
./data/osc/data46.txt,osc,GES,1,1,1,1,1,1,1,1,1,1,22,1,1,1,1,1,1,1,1,1,1,56,1,1,1,1,1,1,1,1,1,1,0.47,1,1,1,1,1,1,1,1,1,1,1,10,10,2024-02-06 21:06:37.012337
./data/osc/data47.txt,osc,GES,1,1,1,1,1,1,1,1,1,1,26,1,1,1,1,1,1,1,1,1,1,77,1,1,1,1,1,1,1,1,1,1,0.25,1,1,1,1,1,1,1,1,1,1,1,10,10,2024-02-06 21:15:32.116072
./data/osc/data48.txt,osc,GES,1,1,1,1,1,1,1,1,1,1,29,1,1,1,1,1,1,1,1,1,1,51,1,1,1,1,1,1,1,1,1,1,0.43,1,1,1,1,1,1,1,1,1,1,1,10,10,2024-02-06 21:27:08.467796
./data/osc/data49.txt,osc,GES,1,1,1,1,1,1,1,1,1,1,29,1,1,1,1,1,1,1,1,1,1,66,1,1,1,1,1,1,1,1,1,1,0.34,1,1,1,1,1,1,1,1,1,1,1,10,10,2024-02-06 21:39:41.219318
./data/osc/data50.txt,osc,GES,1,1,1,1,1,1,1,1,1,1,25,1,1,1,1,1,1,1,1,1,1,73,1,1,1,1,1,1,1,1,1,1,0.3,1,1,1,1,1,1,1,1,1,1,1,10,10,2024-02-06 21:49:31.027866
./data/osc/data51.txt,osc,GES,1,1,1,1,1,1,1,1,1,1,49,1,1,1,1,1,1,1,1,1,1,136,1,1,1,1,1,1,1,1,1,1,0.36,1,1,1,1,1,1,1,1,1,1,1,10,15,2024-02-06 22:18:27.246688
./data/osc/data52.txt,osc,GES,1,1,1,1,1,1,1,1,1,1,75,1,1,1,1,1,1,1,1,1,1,169,1,1,1,1,1,1,1,1,1,1,0.25,1,1,1,1,1,1,1,1,1,1,1,10,15,2024-02-06 22:49:47.875697
./data/osc/data53.txt,osc,GES,1,1,1,1,1,1,1,1,1,1,58,1,1,1,1,1,1,1,1,1,1,158,1,1,1,1,1,1,1,1,1,1,0.38,1,1,1,1,1,1,1,1,1,1,1,10,15,2024-02-06 23:22:24.208222
./data/osc/data55.txt,osc,GES,1,1,1,1,1,1,1,1,1,1,63,1,1,1,1,1,1,1,1,1,1,172,1,1,1,1,1,1,1,1,1,1,0.33,1,1,1,1,1,1,1,1,1,1,1,10,15,2024-02-07 00:17:23.088704
./data/osc/data57.txt,osc,GES,1,1,1,1,1,1,1,1,1,1,66,1,1,1,1,1,1,1,1,1,1,163,1,1,1,1,1,1,1,1,1,1,0.27,1,1,1,1,1,1,1,1,1,1,1,10,15,2024-02-07 00:46:24.540089
./data/osc/data59.txt,osc,GES,1,1,1,1,1,1,1,1,1,1,67,1,1,1,1,1,1,1,1,1,1,181,1,1,1,1,1,1,1,1,1,1,0.24,1,1,1,1,1,1,1,1,1,1,1,10,15,2024-02-07 01:17:36.798920
./data/osc/data61.txt,osc,GES,1,1,1,1,1,1,1,1,1,1,72,1,1,1,1,1,1,1,1,1,1,170,1,1,1,1,1,1,1,1,1,1,0.22,1,1,1,1,1,1,1,1,1,1,1,10,15,2024-02-07 01:50:10.945413
./data/osc/data63.txt,osc,GES,1,1,1,1,1,1,1,1,1,1,62,1,1,1,1,1,1,1,1,1,1,171,1,1,1,1,1,1,1,1,1,1,0.27,1,1,1,1,1,1,1,1,1,1,1,10,15,2024-02-07 02:15:29.598954
./data/osc/data65.txt,osc,GES,1,1,1,1,1,1,1,1,1,1,76,1,1,1,1,1,1,1,1,1,1,170,1,1,1,1,1,1,1,1,1,1,0.21,1,1,1,1,1,1,1,1,1,1,1,10,15,2024-02-07 02:49:47.995252
./data/osc/data67.txt,osc,GES,1,1,1,1,1,1,1,1,1,1,48,1,1,1,1,1,1,1,1,1,1,154,1,1,1,1,1,1,1,1,1,1,0.43,1,1,1,1,1,1,1,1,1,1,1,10,15,2024-02-07 03:18:24.963350
./data/osc/data69.txt,osc,GES,1,1,1,1,1,1,1,1,1,1,74,1,1,1,1,1,1,1,1,1,1,178,1,1,1,1,1,1,1,1,1,1,0.16,1,1,1,1,1,1,1,1,1,1,1,10,15,2024-02-07 03:52:35.911317
./data/osc/data71.txt,osc,GES,1,1,1,1,1,1,1,1,1,1,68,1,1,1,1,1,1,1,1,1,1,186,1,1,1,1,1,1,1,1,1,1,0.2,1,1,1,1,1,1,1,1,1,1,1,10,15,2024-02-07 04:26:11.863326
./data/osc/data73.txt,osc,GES,1,1,1,1,1,1,1,1,1,1,39,1,1,1,1,1,1,1,1,1,1,94,1,1,1,1,1,1,1,1,1,1,0.58,1,1,1,1,1,1,1,1,1,1,1,10,15,2024-02-07 04:57:29.582629
./data/osc/data75.txt,osc,GES,1,1,1,1,1,1,1,1,1,1,75,1,1,1,1,1,1,1,1,1,1,160,1,1,1,1,1,1,1,1,1,1,0.14,1,1,1,1,1,1,1,1,1,1,1,10,15,2024-02-07 05:33:17.443296
./data/osc/data1.txt,osc,Globe,1,1,1,1,1,1,1,1,1,1,0,1,1,1,1,1,1,1,1,1,1,0,1,1,1,1,1,1,1,1,1,1,1,1,1,1,1,1,1,1,1,1,1,1,10,5,2024-02-06 15:11:25.341549
./data/osc/data2.txt,osc,Globe,1,1,1,1,1,1,1,1,1,1,2,1,1,1,1,1,1,1,1,1,1,0,1,1,1,1,1,1,1,1,1,1,0.88,1,1,1,1,1,1,1,1,1,1,1,10,5,2024-02-06 15:15:08.038732
./data/osc/data3.txt,osc,Globe,1,1,1,1,1,1,1,1,1,1,0,1,1,1,1,1,1,1,1,1,1,0,1,1,1,1,1,1,1,1,1,1,1,1,1,1,1,1,1,1,1,1,1,1,10,5,2024-02-06 15:18:13.322554
./data/osc/data4.txt,osc,Globe,1,1,1,1,1,1,1,1,1,1,0,1,1,1,1,1,1,1,1,1,1,0,1,1,1,1,1,1,1,1,1,1,1,1,1,1,1,1,1,1,1,1,1,1,10,5,2024-02-06 15:21:05.309991
./data/osc/data5.txt,osc,Globe,1,1,1,1,1,1,1,1,1,1,0,1,1,1,1,1,1,1,1,1,1,0,1,1,1,1,1,1,1,1,1,1,1,1,1,1,1,1,1,1,1,1,1,1,10,5,2024-02-06 15:23:36.990134
./data/osc/data6.txt,osc,Globe,1,1,1,1,1,1,1,1,1,1,0,1,1,1,1,1,1,1,1,1,1,0,1,1,1,1,1,1,1,1,1,1,1,1,1,1,1,1,1,1,1,1,1,1,10,5,2024-02-06 15:26:41.028835
./data/osc/data7.txt,osc,Globe,1,1,1,1,1,1,1,1,1,1,3,1,1,1,1,1,1,1,1,1,1,5,1,1,1,1,1,1,1,1,1,1,0.71,1,1,1,1,1,1,1,1,1,1,1,10,5,2024-02-06 15:29:24.652155
./data/osc/data8.txt,osc,Globe,1,1,1,1,1,1,1,1,1,1,1,1,1,1,1,1,1,1,1,1,1,1,1,1,1,1,1,1,1,1,1,1,0.91,1,1,1,1,1,1,1,1,1,1,1,10,5,2024-02-06 15:32:13.057080
./data/osc/data9.txt,osc,Globe,1,1,1,1,1,1,1,1,1,1,0,1,1,1,1,1,1,1,1,1,1,0,1,1,1,1,1,1,1,1,1,1,1,1,1,1,1,1,1,1,1,1,1,1,10,5,2024-02-06 15:34:52.299914
./data/osc/data10.txt,osc,Globe,1,1,1,1,1,1,1,1,1,1,0,1,1,1,1,1,1,1,1,1,1,0,1,1,1,1,1,1,1,1,1,1,1,1,1,1,1,1,1,1,1,1,1,1,10,5,2024-02-06 15:37:09.361530
./data/osc/data11.txt,osc,Globe,1,1,1,1,1,1,1,1,1,1,0,1,1,1,1,1,1,1,1,1,1,0,1,1,1,1,1,1,1,1,1,1,1,1,1,1,1,1,1,1,1,1,1,1,10,5,2024-02-06 15:39:27.438584
./data/osc/data12.txt,osc,Globe,1,1,1,1,1,1,1,1,1,1,0,1,1,1,1,1,1,1,1,1,1,0,1,1,1,1,1,1,1,1,1,1,1,1,1,1,1,1,1,1,1,1,1,1,10,5,2024-02-06 15:41:45.189455
./data/osc/data13.txt,osc,Globe,1,1,1,1,1,1,1,1,1,1,1,1,1,1,1,1,1,1,1,1,1,0,1,1,1,1,1,1,1,1,1,1,0.92,1,1,1,1,1,1,1,1,1,1,1,10,5,2024-02-06 15:44:21.006463
./data/osc/data14.txt,osc,Globe,1,1,1,1,1,1,1,1,1,1,0,1,1,1,1,1,1,1,1,1,1,0,1,1,1,1,1,1,1,1,1,1,1,1,1,1,1,1,1,1,1,1,1,1,10,5,2024-02-06 15:46:49.906245
./data/osc/data15.txt,osc,Globe,1,1,1,1,1,1,1,1,1,1,0,1,1,1,1,1,1,1,1,1,1,0,1,1,1,1,1,1,1,1,1,1,1,1,1,1,1,1,1,1,1,1,1,1,10,5,2024-02-06 15:49:31.971726
./data/osc/data16.txt,osc,Globe,1,1,1,1,1,1,1,1,1,1,0,1,1,1,1,1,1,1,1,1,1,0,1,1,1,1,1,1,1,1,1,1,1,1,1,1,1,1,1,1,1,1,1,1,10,5,2024-02-06 15:51:50.206397
./data/osc/data17.txt,osc,Globe,1,1,1,1,1,1,1,1,1,1,0,1,1,1,1,1,1,1,1,1,1,0,1,1,1,1,1,1,1,1,1,1,1,1,1,1,1,1,1,1,1,1,1,1,10,5,2024-02-06 15:54:24.624196
./data/osc/data18.txt,osc,Globe,1,1,1,1,1,1,1,1,1,1,0,1,1,1,1,1,1,1,1,1,1,0,1,1,1,1,1,1,1,1,1,1,1,1,1,1,1,1,1,1,1,1,1,1,10,5,2024-02-06 15:56:43.732902
./data/osc/data19.txt,osc,Globe,1,1,1,1,1,1,1,1,1,1,0,1,1,1,1,1,1,1,1,1,1,0,1,1,1,1,1,1,1,1,1,1,1,1,1,1,1,1,1,1,1,1,1,1,10,5,2024-02-06 15:59:18.140989
./data/osc/data20.txt,osc,Globe,1,1,1,1,1,1,1,1,1,1,2,1,1,1,1,1,1,1,1,1,1,4,1,1,1,1,1,1,1,1,1,1,0.77,1,1,1,1,1,1,1,1,1,1,1,10,5,2024-02-06 16:02:10.157618
./data/osc/data21.txt,osc,Globe,1,1,1,1,1,1,1,1,1,1,0,1,1,1,1,1,1,1,1,1,1,0,1,1,1,1,1,1,1,1,1,1,1,1,1,1,1,1,1,1,1,1,1,1,10,5,2024-02-06 16:04:42.429624
./data/osc/data22.txt,osc,Globe,1,1,1,1,1,1,1,1,1,1,1,1,1,1,1,1,1,1,1,1,1,1,1,1,1,1,1,1,1,1,1,1,0.86,1,1,1,1,1,1,1,1,1,1,1,10,5,2024-02-06 16:07:04.725153
./data/osc/data23.txt,osc,Globe,1,1,1,1,1,1,1,1,1,1,0,1,1,1,1,1,1,1,1,1,1,0,1,1,1,1,1,1,1,1,1,1,1,1,1,1,1,1,1,1,1,1,1,1,10,5,2024-02-06 16:09:27.045452
./data/osc/data24.txt,osc,Globe,1,1,1,1,1,1,1,1,1,1,0,1,1,1,1,1,1,1,1,1,1,0,1,1,1,1,1,1,1,1,1,1,1,1,1,1,1,1,1,1,1,1,1,1,10,5,2024-02-06 16:12:08.136715
./data/osc/data25.txt,osc,Globe,1,1,1,1,1,1,1,1,1,1,0,1,1,1,1,1,1,1,1,1,1,0,1,1,1,1,1,1,1,1,1,1,1,1,1,1,1,1,1,1,1,1,1,1,10,5,2024-02-06 16:14:28.988796
./data/poly/data1.txt,poly,Globe,1,1,1,1,1,1,1,1,1,1,2,1,1,1,1,1,1,1,1,1,1,2,1,1,1,1,1,1,1,1,1,1,0.89,1,1,1,1,1,1,1,1,1,1,1,10,5,2024-02-06 14:46:05.178713
./data/poly/data2.txt,poly,Globe,1,1,1,1,1,1,1,1,1,1,2,1,1,1,1,1,1,1,1,1,1,4,1,1,1,1,1,1,1,1,1,1,0.89,1,1,1,1,1,1,1,1,1,1,1,10,5,2024-02-06 14:49:03.663559
./data/poly/data3.txt,poly,Globe,1,1,1,1,1,1,1,1,1,1,5,1,1,1,1,1,1,1,1,1,1,7,1,1,1,1,1,1,1,1,1,1,0.62,1,1,1,1,1,1,1,1,1,1,1,10,5,2024-02-06 14:51:54.798480
./data/poly/data4.txt,poly,Globe,1,1,1,1,1,1,1,1,1,1,4,1,1,1,1,1,1,1,1,1,1,5,1,1,1,1,1,1,1,1,1,1,0.75,1,1,1,1,1,1,1,1,1,1,1,10,5,2024-02-06 14:54:14.941629
./data/poly/data5.txt,poly,Globe,1,1,1,1,1,1,1,1,1,1,1,1,1,1,1,1,1,1,1,1,1,3,1,1,1,1,1,1,1,1,1,1,0.95,1,1,1,1,1,1,1,1,1,1,1,10,5,2024-02-06 14:56:54.281903
./data/poly/data6.txt,poly,Globe,1,1,1,1,1,1,1,1,1,1,4,1,1,1,1,1,1,1,1,1,1,7,1,1,1,1,1,1,1,1,1,1,0.71,1,1,1,1,1,1,1,1,1,1,1,10,5,2024-02-06 14:59:55.924301
./data/poly/data7.txt,poly,Globe,1,1,1,1,1,1,1,1,1,1,2,1,1,1,1,1,1,1,1,1,1,2,1,1,1,1,1,1,1,1,1,1,0.89,1,1,1,1,1,1,1,1,1,1,1,10,5,2024-02-06 15:02:51.219507
./data/poly/data8.txt,poly,Globe,1,1,1,1,1,1,1,1,1,1,2,1,1,1,1,1,1,1,1,1,1,4,1,1,1,1,1,1,1,1,1,1,0.89,1,1,1,1,1,1,1,1,1,1,1,10,5,2024-02-06 15:05:56.584395
./data/poly/data10.txt,poly,Globe,6,2,5,5,6,5,5,4,7,8,8,3,11,15,16,15,11,10,13,18,19,19,0.57,0.89,0.67,0.71,0.53,0.71,0.67,0.75,0.46,0.43,0.43,1,1,1,1,1,1,1,1,1,1,1,20,5,2024-01-31 15:55:16.318767
./data/poly/data11.txt,poly,Globe,8,8,9,8,8,8,8,7,9,9,9,18,19,18,18,18,18,17,19,19,19,19,0.27,0.44,0.15,0.29,0.29,0.29,0.29,0.4,0.15,0.15,0.15,1,1,1,1,1,1,1,1,1,1,1,20,5,2024-01-31 15:57:06.438544
./data/poly/data12.txt,poly,Globe,3,2,1,1,2,2,2,2,2,2,2,5,3,3,5,5,5,5,5,5,6,6,0.78,0.9,0.95,0.95,0.89,0.89,0.89,0.89,0.89,0.89,0.89,1,1,1,1,1,1,1,1,1,1,1,20,5,2024-01-31 16:01:18.904949
./data/poly/data13.txt,poly,Globe,6,6,6,6,6,6,6,6,6,6,6,12,12,12,9,9,9,9,9,9,9,9,0.53,0.53,0.53,0.62,0.57,0.53,0.53,0.53,0.53,0.53,0.53,1,1,1,1,1,1,1,1,1,1,1,20,5,2024-01-31 16:04:31.951298
./data/poly/data14.txt,poly,Globe,5,4,5,5,5,4,4,4,5,5,5,7,8,8,8,5,5,5,8,8,8,8,0.67,0.75,0.67,0.67,0.67,0.75,0.75,0.75,0.67,0.67,0.67,1,1,1,1,1,1,1,1,1,1,1,20,5,2024-01-31 16:09:04.745927
./data/poly/data15.txt,poly,Globe,6,6,6,6,6,6,6,6,6,6,6,7,7,7,7,7,7,7,7,7,7,7,0.57,0.57,0.57,0.57,0.57,0.57,0.57,0.57,0.57,0.57,0.57,1,1,1,1,1,1,1,1,1,1,1,20,5,2024-01-31 16:11:59.035950
./data/osc/data26.txt,osc,Globe,1,1,1,1,1,1,1,1,1,1,7,1,1,1,1,1,1,1,1,1,1,13,1,1,1,1,1,1,1,1,1,1,0.73,1,1,1,1,1,1,1,1,1,1,1,10,10,2024-02-06 16:26:40.226435
./data/osc/data27.txt,osc,Globe,1,1,1,1,1,1,1,1,1,1,0,1,1,1,1,1,1,1,1,1,1,0,1,1,1,1,1,1,1,1,1,1,1,1,1,1,1,1,1,1,1,1,1,1,10,10,2024-02-06 16:40:46.000995
./data/osc/data28.txt,osc,Globe,1,1,1,1,1,1,1,1,1,1,2,1,1,1,1,1,1,1,1,1,1,1,1,1,1,1,1,1,1,1,1,1,0.94,1,1,1,1,1,1,1,1,1,1,1,10,10,2024-02-06 16:54:29.497334
./data/osc/data29.txt,osc,Globe,1,1,1,1,1,1,1,1,1,1,0,1,1,1,1,1,1,1,1,1,1,0,1,1,1,1,1,1,1,1,1,1,1,1,1,1,1,1,1,1,1,1,1,1,10,10,2024-02-06 17:05:38.827026
./data/osc/data30.txt,osc,Globe,1,1,1,1,1,1,1,1,1,1,3,1,1,1,1,1,1,1,1,1,1,6,1,1,1,1,1,1,1,1,1,1,0.93,1,1,1,1,1,1,1,1,1,1,1,10,10,2024-02-06 17:19:32.778820
./data/osc/data31.txt,osc,Globe,1,1,1,1,1,1,1,1,1,1,0,1,1,1,1,1,1,1,1,1,1,0,1,1,1,1,1,1,1,1,1,1,1,1,1,1,1,1,1,1,1,1,1,1,10,10,2024-02-06 17:30:27.164467
./data/osc/data32.txt,osc,Globe,1,1,1,1,1,1,1,1,1,1,1,1,1,1,1,1,1,1,1,1,1,0,1,1,1,1,1,1,1,1,1,1,0.98,1,1,1,1,1,1,1,1,1,1,1,10,10,2024-02-06 17:46:14.446852
./data/osc/data33.txt,osc,Globe,1,1,1,1,1,1,1,1,1,1,1,1,1,1,1,1,1,1,1,1,1,0,1,1,1,1,1,1,1,1,1,1,0.98,1,1,1,1,1,1,1,1,1,1,1,10,10,2024-02-06 17:59:39.950585
./data/osc/data34.txt,osc,Globe,1,1,1,1,1,1,1,1,1,1,1,1,1,1,1,1,1,1,1,1,1,5,1,1,1,1,1,1,1,1,1,1,0.97,1,1,1,1,1,1,1,1,1,1,1,10,10,2024-02-06 18:09:56.540134
./data/osc/data35.txt,osc,Globe,1,1,1,1,1,1,1,1,1,1,17,1,1,1,1,1,1,1,1,1,1,53,1,1,1,1,1,1,1,1,1,1,0.44,1,1,1,1,1,1,1,1,1,1,1,10,10,2024-02-06 18:23:06.838561
./data/osc/data36.txt,osc,Globe,1,1,1,1,1,1,1,1,1,1,3,1,1,1,1,1,1,1,1,1,1,9,1,1,1,1,1,1,1,1,1,1,0.93,1,1,1,1,1,1,1,1,1,1,1,10,10,2024-02-06 19:03:49.646397
./data/osc/data37.txt,osc,Globe,1,1,1,1,1,1,1,1,1,1,3,1,1,1,1,1,1,1,1,1,1,3,1,1,1,1,1,1,1,1,1,1,0.91,1,1,1,1,1,1,1,1,1,1,1,10,10,2024-02-06 19:15:29.299291
./data/osc/data38.txt,osc,Globe,1,1,1,1,1,1,1,1,1,1,0,1,1,1,1,1,1,1,1,1,1,0,1,1,1,1,1,1,1,1,1,1,1,1,1,1,1,1,1,1,1,1,1,1,10,10,2024-02-06 19:28:15.016614
./data/osc/data39.txt,osc,Globe,1,1,1,1,1,1,1,1,1,1,5,1,1,1,1,1,1,1,1,1,1,7,1,1,1,1,1,1,1,1,1,1,0.86,1,1,1,1,1,1,1,1,1,1,1,10,10,2024-02-06 19:42:03.352574
./data/osc/data40.txt,osc,Globe,1,1,1,1,1,1,1,1,1,1,3,1,1,1,1,1,1,1,1,1,1,20,1,1,1,1,1,1,1,1,1,1,0.91,1,1,1,1,1,1,1,1,1,1,1,10,10,2024-02-06 19:55:48.220837
./data/osc/data41.txt,osc,Globe,1,1,1,1,1,1,1,1,1,1,2,1,1,1,1,1,1,1,1,1,1,11,1,1,1,1,1,1,1,1,1,1,0.94,1,1,1,1,1,1,1,1,1,1,1,10,10,2024-02-06 20:09:17.717178
./data/osc/data42.txt,osc,Globe,1,1,1,1,1,1,1,1,1,1,6,1,1,1,1,1,1,1,1,1,1,7,1,1,1,1,1,1,1,1,1,1,0.86,1,1,1,1,1,1,1,1,1,1,1,10,10,2024-02-06 20:23:57.560969
./data/osc/data43.txt,osc,Globe,1,1,1,1,1,1,1,1,1,1,6,1,1,1,1,1,1,1,1,1,1,23,1,1,1,1,1,1,1,1,1,1,0.84,1,1,1,1,1,1,1,1,1,1,1,10,10,2024-02-06 20:35:41.771107
./data/osc/data44.txt,osc,Globe,1,1,1,1,1,1,1,1,1,1,2,1,1,1,1,1,1,1,1,1,1,7,1,1,1,1,1,1,1,1,1,1,0.96,1,1,1,1,1,1,1,1,1,1,1,10,10,2024-02-06 20:47:28.812398
./data/osc/data45.txt,osc,Globe,1,1,1,1,1,1,1,1,1,1,2,1,1,1,1,1,1,1,1,1,1,4,1,1,1,1,1,1,1,1,1,1,0.96,1,1,1,1,1,1,1,1,1,1,1,10,10,2024-02-06 20:58:02.937320
./data/osc/data46.txt,osc,Globe,1,1,1,1,1,1,1,1,1,1,1,1,1,1,1,1,1,1,1,1,1,0,1,1,1,1,1,1,1,1,1,1,0.97,1,1,1,1,1,1,1,1,1,1,1,10,10,2024-02-06 21:06:37.012399
./data/osc/data47.txt,osc,Globe,1,1,1,1,1,1,1,1,1,1,3,1,1,1,1,1,1,1,1,1,1,14,1,1,1,1,1,1,1,1,1,1,0.92,1,1,1,1,1,1,1,1,1,1,1,10,10,2024-02-06 21:15:32.116149
./data/osc/data48.txt,osc,Globe,1,1,1,1,1,1,1,1,1,1,7,1,1,1,1,1,1,1,1,1,1,14,1,1,1,1,1,1,1,1,1,1,0.84,1,1,1,1,1,1,1,1,1,1,1,10,10,2024-02-06 21:27:08.467902
./data/osc/data49.txt,osc,Globe,1,1,1,1,1,1,1,1,1,1,2,1,1,1,1,1,1,1,1,1,1,7,1,1,1,1,1,1,1,1,1,1,0.96,1,1,1,1,1,1,1,1,1,1,1,10,10,2024-02-06 21:39:41.219387
./data/osc/data50.txt,osc,Globe,1,1,1,1,1,1,1,1,1,1,6,1,1,1,1,1,1,1,1,1,1,11,1,1,1,1,1,1,1,1,1,1,0.81,1,1,1,1,1,1,1,1,1,1,1,10,10,2024-02-06 21:49:31.027933
./data/poly/data16.txt,poly,Globe,20,16,16,15,13,12,12,12,12,13,13,62,68,60,60,53,53,53,53,53,53,53,0.35,0.52,0.36,0.5,0.5,0.55,0.55,0.55,0.55,0.53,0.53,1,1,1,1,1,1,1,1,1,1,1,20,10,2024-01-31 16:24:01.725762
./data/poly/data17.txt,poly,Globe,12,12,9,10,9,9,9,8,8,8,8,20,20,20,20,20,20,19,19,19,19,19,0.68,0.71,0.76,0.74,0.76,0.76,0.76,0.79,0.79,0.79,0.79,1,1,1,1,1,1,1,1,1,1,1,20,10,2024-01-31 16:30:19.313396
./data/poly/data18.txt,poly,Globe,16,18,13,11,13,11,12,12,15,14,14,52,51,42,45,42,46,46,54,49,54,54,0.4,0.47,0.5,0.6,0.5,0.6,0.55,0.55,0.38,0.44,0.44,1,1,1,1,1,1,1,1,1,1,1,20,10,2024-01-31 16:54:24.186836
./data/poly/data19.txt,poly,Globe,18,17,12,11,10,9,9,9,9,9,9,38,31,24,24,23,23,23,23,23,23,23,0.57,0.64,0.67,0.72,0.74,0.77,0.77,0.77,0.77,0.77,0.77,1,1,1,1,1,1,1,1,1,1,1,20,10,2024-01-31 17:14:40.413503
./data/poly/data20.txt,poly,Globe,14,11,12,14,12,12,12,11,12,11,11,16,22,21,22,22,22,21,22,21,21,21,0.61,0.72,0.65,0.61,0.65,0.65,0.65,0.69,0.65,0.69,0.69,1,1,1,1,1,1,1,1,1,1,1,20,10,2024-01-31 17:42:48.086123
./data/poly/data21.txt,poly,Globe,8,11,8,9,12,9,12,10,9,11,11,31,22,22,37,31,44,36,37,36,36,36,0.71,0.72,0.78,0.76,0.62,0.72,0.57,0.65,0.67,0.62,0.62,1,1,1,1,1,1,1,1,1,1,1,20,10,2024-01-31 17:58:24.842741
./data/poly/data22.txt,poly,Globe,6,5,7,6,7,7,7,7,7,7,7,14,24,23,24,24,24,24,24,24,24,24,0.82,0.86,0.8,0.83,0.8,0.8,0.8,0.8,0.8,0.8,0.8,1,1,1,1,1,1,1,1,1,1,1,20,10,2024-01-31 18:24:58.517354
./data/poly/data23.txt,poly,Globe,18,14,16,12,10,13,16,13,11,14,14,42,52,34,24,35,52,41,31,42,44,44,0.45,0.69,0.53,0.71,0.73,0.68,0.53,0.68,0.7,0.65,0.65,1,1,1,1,1,1,1,1,1,1,1,20,10,2024-01-31 18:33:08.129196
./data/poly/data24.txt,poly,Globe,7,10,10,11,8,8,8,9,8,8,8,13,21,20,23,23,23,23,23,23,26,26,0.8,0.75,0.72,0.7,0.76,0.76,0.76,0.74,0.76,0.76,0.76,1,1,1,1,1,1,1,1,1,1,1,20,10,2024-01-31 19:13:20.404667
./data/poly/data25.txt,poly,Globe,14,20,14,12,14,13,11,10,12,9,9,53,56,54,58,55,57,56,58,55,55,55,0.5,0.45,0.5,0.58,0.47,0.54,0.57,0.61,0.53,0.65,0.65,1,1,1,1,1,1,1,1,1,1,1,20,10,2024-01-31 19:20:44.133052
./data/poly/data26.txt,poly,Globe,17,15,13,12,10,9,10,9,9,8,8,22,36,27,32,39,38,28,37,36,36,36,0.59,0.67,0.63,0.68,0.71,0.76,0.71,0.76,0.74,0.78,0.78,1,1,1,1,1,1,1,1,1,1,1,20,10,2024-01-31 19:45:02.780894
./data/poly/data27.txt,poly,Globe,15,9,12,10,13,13,15,15,16,15,15,39,38,36,46,46,48,48,49,48,48,48,0.53,0.78,0.65,0.72,0.61,0.61,0.52,0.52,0.47,0.52,0.52,1,1,1,1,1,1,1,1,1,1,1,20,10,2024-01-31 19:55:13.204233
./data/poly/data28.txt,poly,Globe,6,6,8,6,7,6,7,7,8,7,7,18,35,20,26,25,26,26,35,26,35,35,0.86,0.87,0.8,0.86,0.83,0.86,0.83,0.83,0.8,0.83,0.83,1,1,1,1,1,1,1,1,1,1,1,20,10,2024-01-31 21:01:23.226738
./data/poly/data29.txt,poly,Globe,18,13,14,14,16,14,15,14,16,15,15,45,59,57,59,50,51,50,59,58,59,59,0.37,0.63,0.48,0.5,0.4,0.5,0.45,0.5,0.4,0.45,0.45,1,1,1,1,1,1,1,1,1,1,1,20,10,2024-01-31 21:10:26.564777
./data/poly/data30.txt,poly,Globe,20,17,18,16,17,17,21,19,21,22,22,50,55,51,54,52,58,65,67,64,64,64,0.35,0.55,0.42,0.57,0.49,0.51,0.3,0.39,0.3,0.32,0.32,1,1,1,1,1,1,1,1,1,1,1,20,10,2024-01-31 21:19:18.251731
./data/osc/data51.txt,osc,Globe,1,1,1,1,1,1,1,1,1,1,8,1,1,1,1,1,1,1,1,1,1,21,1,1,1,1,1,1,1,1,1,1,0.89,1,1,1,1,1,1,1,1,1,1,1,10,15,2024-02-06 22:18:27.246780
./data/osc/data52.txt,osc,Globe,1,1,1,1,1,1,1,1,1,1,16,1,1,1,1,1,1,1,1,1,1,62,1,1,1,1,1,1,1,1,1,1,0.8,1,1,1,1,1,1,1,1,1,1,1,10,15,2024-02-06 22:49:47.875763
./data/osc/data53.txt,osc,Globe,1,1,1,1,1,1,1,1,1,1,22,1,1,1,1,1,1,1,1,1,1,87,1,1,1,1,1,1,1,1,1,1,0.67,1,1,1,1,1,1,1,1,1,1,1,10,15,2024-02-06 23:22:24.208189
./data/osc/data55.txt,osc,Globe,1,1,1,1,1,1,1,1,1,1,23,1,1,1,1,1,1,1,1,1,1,57,1,1,1,1,1,1,1,1,1,1,0.7,1,1,1,1,1,1,1,1,1,1,1,10,15,2024-02-07 00:17:23.088662
./data/osc/data57.txt,osc,Globe,1,1,1,1,1,1,1,1,1,1,17,1,1,1,1,1,1,1,1,1,1,49,1,1,1,1,1,1,1,1,1,1,0.8,1,1,1,1,1,1,1,1,1,1,1,10,15,2024-02-07 00:46:24.540055
./data/osc/data59.txt,osc,Globe,1,1,1,1,1,1,1,1,1,1,13,1,1,1,1,1,1,1,1,1,1,52,1,1,1,1,1,1,1,1,1,1,0.85,1,1,1,1,1,1,1,1,1,1,1,10,15,2024-02-07 01:17:36.798885
./data/osc/data61.txt,osc,Globe,1,1,1,1,1,1,1,1,1,1,29,1,1,1,1,1,1,1,1,1,1,76,1,1,1,1,1,1,1,1,1,1,0.58,1,1,1,1,1,1,1,1,1,1,1,10,15,2024-02-07 01:50:10.945378
./data/osc/data63.txt,osc,Globe,1,1,1,1,1,1,1,1,1,1,34,1,1,1,1,1,1,1,1,1,1,97,1,1,1,1,1,1,1,1,1,1,0.46,1,1,1,1,1,1,1,1,1,1,1,10,15,2024-02-07 02:15:29.598922
./data/osc/data65.txt,osc,Globe,1,1,1,1,1,1,1,1,1,1,14,1,1,1,1,1,1,1,1,1,1,61,1,1,1,1,1,1,1,1,1,1,0.82,1,1,1,1,1,1,1,1,1,1,1,10,15,2024-02-07 02:49:47.995217
./data/osc/data67.txt,osc,Globe,1,1,1,1,1,1,1,1,1,1,35,1,1,1,1,1,1,1,1,1,1,122,1,1,1,1,1,1,1,1,1,1,0.42,1,1,1,1,1,1,1,1,1,1,1,10,15,2024-02-07 03:18:24.963318
./data/osc/data69.txt,osc,Globe,1,1,1,1,1,1,1,1,1,1,15,1,1,1,1,1,1,1,1,1,1,63,1,1,1,1,1,1,1,1,1,1,0.83,1,1,1,1,1,1,1,1,1,1,1,10,15,2024-02-07 03:52:35.911283
./data/osc/data71.txt,osc,Globe,1,1,1,1,1,1,1,1,1,1,18,1,1,1,1,1,1,1,1,1,1,91,1,1,1,1,1,1,1,1,1,1,0.78,1,1,1,1,1,1,1,1,1,1,1,10,15,2024-02-07 04:26:11.863295
./data/osc/data73.txt,osc,Globe,1,1,1,1,1,1,1,1,1,1,10,1,1,1,1,1,1,1,1,1,1,48,1,1,1,1,1,1,1,1,1,1,0.88,1,1,1,1,1,1,1,1,1,1,1,10,15,2024-02-07 04:57:29.582595
./data/osc/data75.txt,osc,Globe,1,1,1,1,1,1,1,1,1,1,13,1,1,1,1,1,1,1,1,1,1,68,1,1,1,1,1,1,1,1,1,1,0.83,1,1,1,1,1,1,1,1,1,1,1,10,15,2024-02-07 05:33:17.443263
./data/poly/data31.txt,poly,Globe,23,22,20,22,20,20,22,21,20,22,22,72,77,103,106,104,116,115,116,114,116,116,0.62,0.69,0.64,0.61,0.59,0.61,0.56,0.58,0.59,0.57,0.57,1,1,1,1,1,1,1,1,1,1,1,20,15,2024-01-31 21:46:36.055763
./data/poly/data32.txt,poly,Globe,23,25,20,18,17,16,17,17,17,17,17,77,73,60,62,55,62,60,60,60,75,75,0.6,0.59,0.6,0.65,0.65,0.69,0.65,0.67,0.67,0.67,0.67,1,1,1,1,1,1,1,1,1,1,1,20,15,2024-01-31 22:35:36.148643
./data/poly/data33.txt,poly,Globe,32,30,25,28,25,24,23,24,25,25,25,130,106,107,106,97,81,99,108,108,109,109,0.29,0.46,0.43,0.4,0.43,0.51,0.47,0.46,0.39,0.39,0.39,1,1,1,1,1,1,1,1,1,1,1,20,15,2024-01-31 23:20:12.199826
./data/poly/data34.txt,poly,Globe,16,17,11,13,14,13,9,11,9,10,10,84,37,55,53,47,34,34,34,34,38,38,0.57,0.64,0.73,0.71,0.65,0.7,0.77,0.73,0.77,0.75,0.75,1,1,1,1,1,1,1,1,1,1,1,20,15,2024-02-01 00:04:29.584630
./data/poly/data34.txt,poly,Globe,12,15,11,12,12,11,12,11,13,13,13,58,45,42,44,43,44,43,45,41,45,45,0.71,0.67,0.7,0.7,0.68,0.72,0.68,0.72,0.65,0.67,0.67,1,1,1,1,1,1,1,1,1,1,1,20,15,2024-02-01 02:12:43.112294
./data/poly/data35.txt,poly,Globe,21,23,19,19,17,17,18,19,17,17,17,58,58,58,58,58,66,66,66,66,69,69,0.52,0.51,0.52,0.52,0.55,0.55,0.51,0.5,0.53,0.53,0.53,1,1,1,1,1,1,1,1,1,1,1,20,15,2024-02-01 02:33:44.063135
./data/poly/data36.txt,poly,Globe,13,15,12,13,10,12,13,11,11,13,13,48,64,63,54,54,55,52,40,53,40,40,0.72,0.73,0.75,0.75,0.79,0.76,0.73,0.78,0.78,0.75,0.75,1,1,1,1,1,1,1,1,1,1,1,20,15,2024-02-01 03:54:14.946342
./data/poly/data37.txt,poly,Globe,20,19,17,17,15,15,15,15,15,15,15,80,72,70,71,71,71,71,71,71,72,72,0.49,0.57,0.53,0.55,0.58,0.58,0.58,0.58,0.58,0.58,0.58,1,1,1,1,1,1,1,1,1,1,1,20,15,2024-02-01 04:22:38.198262
./data/poly/data38.txt,poly,Globe,14,9,12,9,8,6,6,6,8,7,7,31,45,32,47,24,34,34,47,41,47,47,0.67,0.82,0.73,0.81,0.82,0.88,0.87,0.87,0.82,0.85,0.85,1,1,1,1,1,1,1,1,1,1,1,20,15,2024-02-01 04:43:28.778318
./data/poly/data39.txt,poly,Globe,18,22,22,22,25,24,23,23,23,23,23,81,86,77,88,85,85,85,85,85,85,85,0.6,0.57,0.44,0.54,0.38,0.45,0.44,0.44,0.44,0.44,0.44,1,1,1,1,1,1,1,1,1,1,1,20,15,2024-02-01 10:53:18.007156
./data/poly/data40.txt,poly,Globe,12,17,10,10,12,10,10,11,13,14,14,60,42,51,44,42,42,41,50,49,50,50,0.77,0.72,0.79,0.8,0.74,0.79,0.79,0.78,0.71,0.7,0.7,1,1,1,1,1,1,1,1,1,1,1,20,15,2024-02-01 12:22:35.138931
./data/poly/data41.txt,poly,Globe,22,25,26,24,24,23,22,22,24,23,23,105,106,98,104,99,101,98,104,100,104,104,0.55,0.56,0.44,0.54,0.5,0.55,0.54,0.56,0.48,0.53,0.53,1,1,1,1,1,1,1,1,1,1,1,20,15,2024-02-01 13:43:15.591716
./data/poly/data42.txt,poly,Globe,20,21,20,18,18,17,16,14,14,15,15,86,92,69,81,69,65,56,64,64,74,74,0.36,0.45,0.37,0.5,0.44,0.51,0.5,0.59,0.56,0.55,0.55,1,1,1,1,1,1,1,1,1,1,1,20,15,2024-02-01 14:47:53.711885
./data/poly/data43.txt,poly,Globe,23,26,19,17,17,16,18,18,16,16,16,85,74,76,48,61,74,74,60,60,60,60,0.5,0.52,0.58,0.64,0.64,0.68,0.6,0.62,0.65,0.65,0.65,1,1,1,1,1,1,1,1,1,1,1,20,15,2024-02-01 15:19:42.193627
./data/poly/data44.txt,poly,Globe,23,25,21,19,21,22,21,22,22,22,22,98,60,58,60,73,75,87,76,76,76,76,0.47,0.43,0.49,0.56,0.49,0.49,0.44,0.43,0.4,0.4,0.4,1,1,1,1,1,1,1,1,1,1,1,20,15,2024-02-01 16:49:10.758321
./data/osc/data1.txt,osc,JCI-PC,1,1,1,1,1,1,1,1,1,1,7,1,1,1,1,1,1,1,1,1,1,9,0,0,0,0,0,0,0,0,0,0,0.2,1,1,1,1,1,1,1,1,1,1,1,10,5,2024-02-06 15:11:25.341504
./data/osc/data2.txt,osc,JCI-PC,1,1,1,1,1,1,1,1,1,1,7,1,1,1,1,1,1,1,1,1,1,18,0,0,0,0,0,0,0,0,0,0,0.5,1,1,1,1,1,1,1,1,1,1,1,10,5,2024-02-06 15:15:08.038678
./data/osc/data3.txt,osc,JCI-PC,1,1,1,1,1,1,1,1,1,1,3,1,1,1,1,1,1,1,1,1,1,6,0,0,0,0,0,0,0,0,0,0,0.57,1,1,1,1,1,1,1,1,1,1,1,10,5,2024-02-06 15:18:13.322483
./data/osc/data4.txt,osc,JCI-PC,1,1,1,1,1,1,1,1,1,1,3,1,1,1,1,1,1,1,1,1,1,9,0,0,0,0,0,0,0,0,0,0,0.73,1,1,1,1,1,1,1,1,1,1,1,10,5,2024-02-06 15:21:05.309945
./data/osc/data5.txt,osc,JCI-PC,1,1,1,1,1,1,1,1,1,1,6,1,1,1,1,1,1,1,1,1,1,12,0,0,0,0,0,0,0,0,0,0,0,1,1,1,1,1,1,1,1,1,1,1,10,5,2024-02-06 15:23:36.990086
./data/osc/data6.txt,osc,JCI-PC,1,1,1,1,1,1,1,1,1,1,10,1,1,1,1,1,1,1,1,1,1,20,0,0,0,0,0,0,0,0,0,0,0.46,1,1,1,1,1,1,1,1,1,1,1,10,5,2024-02-06 15:26:41.028790
./data/osc/data7.txt,osc,JCI-PC,1,1,1,1,1,1,1,1,1,1,5,1,1,1,1,1,1,1,1,1,1,18,0,0,0,0,0,0,0,0,0,0,0.55,1,1,1,1,1,1,1,1,1,1,1,10,5,2024-02-06 15:29:24.652099
./data/osc/data8.txt,osc,JCI-PC,1,1,1,1,1,1,1,1,1,1,6,1,1,1,1,1,1,1,1,1,1,19,0,0,0,0,0,0,0,0,0,0,0.4,1,1,1,1,1,1,1,1,1,1,1,10,5,2024-02-06 15:32:13.057024
./data/osc/data9.txt,osc,JCI-PC,1,1,1,1,1,1,1,1,1,1,3,1,1,1,1,1,1,1,1,1,1,6,0,0,0,0,0,0,0,0,0,0,0.73,1,1,1,1,1,1,1,1,1,1,1,10,5,2024-02-06 15:34:52.299869
./data/osc/data10.txt,osc,JCI-PC,1,1,1,1,1,1,1,1,1,1,6,1,1,1,1,1,1,1,1,1,1,11,0,0,0,0,0,0,0,0,0,0,0.36,1,1,1,1,1,1,1,1,1,1,1,10,5,2024-02-06 15:37:09.361467
./data/osc/data11.txt,osc,JCI-PC,1,1,1,1,1,1,1,1,1,1,3,1,1,1,1,1,1,1,1,1,1,4,0,0,0,0,0,0,0,0,0,0,0.4,1,1,1,1,1,1,1,1,1,1,1,10,5,2024-02-06 15:39:27.438534
./data/osc/data12.txt,osc,JCI-PC,1,1,1,1,1,1,1,1,1,1,3,1,1,1,1,1,1,1,1,1,1,6,0,0,0,0,0,0,0,0,0,0,0.4,1,1,1,1,1,1,1,1,1,1,1,10,5,2024-02-06 15:41:45.189397
./data/osc/data13.txt,osc,JCI-PC,1,1,1,1,1,1,1,1,1,1,5,1,1,1,1,1,1,1,1,1,1,11,0,0,0,0,0,0,0,0,0,0,0.62,1,1,1,1,1,1,1,1,1,1,1,10,5,2024-02-06 15:44:21.006416
./data/osc/data14.txt,osc,JCI-PC,1,1,1,1,1,1,1,1,1,1,2,1,1,1,1,1,1,1,1,1,1,8,0,0,0,0,0,0,0,0,0,0,0.75,1,1,1,1,1,1,1,1,1,1,1,10,5,2024-02-06 15:46:49.906191
./data/osc/data15.txt,osc,JCI-PC,1,1,1,1,1,1,1,1,1,1,6,1,1,1,1,1,1,1,1,1,1,12,0,0,0,0,0,0,0,0,0,0,0.5,1,1,1,1,1,1,1,1,1,1,1,10,5,2024-02-06 15:49:31.971647
./data/osc/data16.txt,osc,JCI-PC,1,1,1,1,1,1,1,1,1,1,2,1,1,1,1,1,1,1,1,1,1,3,0,0,0,0,0,0,0,0,0,0,0.67,1,1,1,1,1,1,1,1,1,1,1,10,5,2024-02-06 15:51:50.206346
./data/osc/data17.txt,osc,JCI-PC,1,1,1,1,1,1,1,1,1,1,6,1,1,1,1,1,1,1,1,1,1,11,0,0,0,0,0,0,0,0,0,0,0,1,1,1,1,1,1,1,1,1,1,1,10,5,2024-02-06 15:54:24.624145
./data/osc/data18.txt,osc,JCI-PC,1,1,1,1,1,1,1,1,1,1,2,1,1,1,1,1,1,1,1,1,1,3,0,0,0,0,0,0,0,0,0,0,0.75,1,1,1,1,1,1,1,1,1,1,1,10,5,2024-02-06 15:56:43.732851
./data/osc/data19.txt,osc,JCI-PC,1,1,1,1,1,1,1,1,1,1,3,1,1,1,1,1,1,1,1,1,1,8,0,0,0,0,0,0,0,0,0,0,0.57,1,1,1,1,1,1,1,1,1,1,1,10,5,2024-02-06 15:59:18.140941
./data/osc/data20.txt,osc,JCI-PC,1,1,1,1,1,1,1,1,1,1,7,1,1,1,1,1,1,1,1,1,1,16,0,0,0,0,0,0,0,0,0,0,0.46,1,1,1,1,1,1,1,1,1,1,1,10,5,2024-02-06 16:02:10.157564
./data/osc/data21.txt,osc,JCI-PC,1,1,1,1,1,1,1,1,1,1,4,1,1,1,1,1,1,1,1,1,1,9,0,0,0,0,0,0,0,0,0,0,0.6,1,1,1,1,1,1,1,1,1,1,1,10,5,2024-02-06 16:04:42.429564
./data/osc/data22.txt,osc,JCI-PC,1,1,1,1,1,1,1,1,1,1,4,1,1,1,1,1,1,1,1,1,1,8,0,0,0,0,0,0,0,0,0,0,0.67,1,1,1,1,1,1,1,1,1,1,1,10,5,2024-02-06 16:07:04.725101
./data/osc/data23.txt,osc,JCI-PC,1,1,1,1,1,1,1,1,1,1,5,1,1,1,1,1,1,1,1,1,1,7,0,0,0,0,0,0,0,0,0,0,0.25,1,1,1,1,1,1,1,1,1,1,1,10,5,2024-02-06 16:09:27.045402
./data/osc/data24.txt,osc,JCI-PC,1,1,1,1,1,1,1,1,1,1,4,1,1,1,1,1,1,1,1,1,1,11,0,0,0,0,0,0,0,0,0,0,0.62,1,1,1,1,1,1,1,1,1,1,1,10,5,2024-02-06 16:12:08.136660
./data/osc/data25.txt,osc,JCI-PC,1,1,1,1,1,1,1,1,1,1,3,1,1,1,1,1,1,1,1,1,1,6,0,0,0,0,0,0,0,0,0,0,0.4,1,1,1,1,1,1,1,1,1,1,1,10,5,2024-02-06 16:14:28.988732
./data/poly/data1.txt,poly,JCI-PC,1,1,1,1,1,1,1,1,1,1,10,1,1,1,1,1,1,1,1,1,1,20,0,0,0,0,0,0,0,0,0,0,0.48,1,1,1,1,1,1,1,1,1,1,1,10,5,2024-02-06 14:46:05.178652
./data/poly/data2.txt,poly,JCI-PC,1,1,1,1,1,1,1,1,1,1,10,1,1,1,1,1,1,1,1,1,1,20,0,0,0,0,0,0,0,0,0,0,0.67,1,1,1,1,1,1,1,1,1,1,1,10,5,2024-02-06 14:49:03.663504
./data/poly/data3.txt,poly,JCI-PC,1,1,1,1,1,1,1,1,1,1,9,1,1,1,1,1,1,1,1,1,1,19,0,0,0,0,0,0,0,0,0,0,0.35,1,1,1,1,1,1,1,1,1,1,1,10,5,2024-02-06 14:51:54.798436
./data/poly/data5.txt,poly,JCI-PC,1,1,1,1,1,1,1,1,1,1,9,1,1,1,1,1,1,1,1,1,1,19,0,0,0,0,0,0,0,0,0,0,0.44,1,1,1,1,1,1,1,1,1,1,1,10,5,2024-02-06 14:56:54.281858
./data/poly/data6.txt,poly,JCI-PC,1,1,1,1,1,1,1,1,1,1,9,1,1,1,1,1,1,1,1,1,1,19,0,0,0,0,0,0,0,0,0,0,0.37,1,1,1,1,1,1,1,1,1,1,1,10,5,2024-02-06 14:59:55.924254
./data/poly/data7.txt,poly,JCI-PC,1,1,1,1,1,1,1,1,1,1,10,1,1,1,1,1,1,1,1,1,1,20,0,0,0,0,0,0,0,0,0,0,0.67,1,1,1,1,1,1,1,1,1,1,1,10,5,2024-02-06 15:02:51.219462
./data/poly/data8.txt,poly,JCI-PC,1,1,1,1,1,1,1,1,1,1,10,1,1,1,1,1,1,1,1,1,1,20,0,0,0,0,0,0,0,0,0,0,0.67,1,1,1,1,1,1,1,1,1,1,1,10,5,2024-02-06 15:05:56.584330
./data/osc/data26.txt,osc,JCI-PC,1,1,1,1,1,1,1,1,1,1,18,1,1,1,1,1,1,1,1,1,1,66,0,0,0,0,0,0,0,0,0,0,0.16,1,1,1,1,1,1,1,1,1,1,1,10,10,2024-02-06 16:26:40.226396
./data/osc/data27.txt,osc,JCI-PC,1,1,1,1,1,1,1,1,1,1,16,1,1,1,1,1,1,1,1,1,1,59,0,0,0,0,0,0,0,0,0,0,0.39,1,1,1,1,1,1,1,1,1,1,1,10,10,2024-02-06 16:40:46.000954
./data/osc/data28.txt,osc,JCI-PC,1,1,1,1,1,1,1,1,1,1,19,1,1,1,1,1,1,1,1,1,1,67,0,0,0,0,0,0,0,0,0,0,0.15,1,1,1,1,1,1,1,1,1,1,1,10,10,2024-02-06 16:54:29.497289
./data/osc/data29.txt,osc,JCI-PC,1,1,1,1,1,1,1,1,1,1,14,1,1,1,1,1,1,1,1,1,1,44,0,0,0,0,0,0,0,0,0,0,0.4,1,1,1,1,1,1,1,1,1,1,1,10,10,2024-02-06 17:05:38.826979
./data/osc/data30.txt,osc,JCI-PC,1,1,1,1,1,1,1,1,1,1,23,1,1,1,1,1,1,1,1,1,1,64,0,0,0,0,0,0,0,0,0,0,0.33,1,1,1,1,1,1,1,1,1,1,1,10,10,2024-02-06 17:19:32.778780
./data/osc/data31.txt,osc,JCI-PC,1,1,1,1,1,1,1,1,1,1,19,1,1,1,1,1,1,1,1,1,1,59,0,0,0,0,0,0,0,0,0,0,0,1,1,1,1,1,1,1,1,1,1,1,10,10,2024-02-06 17:30:27.164426
./data/osc/data32.txt,osc,JCI-PC,1,1,1,1,1,1,1,1,1,1,22,1,1,1,1,1,1,1,1,1,1,59,0,0,0,0,0,0,0,0,0,0,0.21,1,1,1,1,1,1,1,1,1,1,1,10,10,2024-02-06 17:46:14.446777
./data/osc/data33.txt,osc,JCI-PC,1,1,1,1,1,1,1,1,1,1,20,1,1,1,1,1,1,1,1,1,1,59,0,0,0,0,0,0,0,0,0,0,0.31,1,1,1,1,1,1,1,1,1,1,1,10,10,2024-02-06 17:59:39.950541
./data/osc/data34.txt,osc,JCI-PC,1,1,1,1,1,1,1,1,1,1,19,1,1,1,1,1,1,1,1,1,1,65,0,0,0,0,0,0,0,0,0,0,0.34,1,1,1,1,1,1,1,1,1,1,1,10,10,2024-02-06 18:09:56.540087
./data/osc/data35.txt,osc,JCI-PC,1,1,1,1,1,1,1,1,1,1,21,1,1,1,1,1,1,1,1,1,1,86,0,0,0,0,0,0,0,0,0,0,0.31,1,1,1,1,1,1,1,1,1,1,1,10,10,2024-02-06 18:23:06.838456
./data/osc/data36.txt,osc,JCI-PC,1,1,1,1,1,1,1,1,1,1,17,1,1,1,1,1,1,1,1,1,1,60,0,0,0,0,0,0,0,0,0,0,0.39,1,1,1,1,1,1,1,1,1,1,1,10,10,2024-02-06 19:03:49.646350
./data/osc/data37.txt,osc,JCI-PC,1,1,1,1,1,1,1,1,1,1,16,1,1,1,1,1,1,1,1,1,1,51,0,0,0,0,0,0,0,0,0,0,0.45,1,1,1,1,1,1,1,1,1,1,1,10,10,2024-02-06 19:15:29.299246
./data/osc/data38.txt,osc,JCI-PC,1,1,1,1,1,1,1,1,1,1,17,1,1,1,1,1,1,1,1,1,1,62,0,0,0,0,0,0,0,0,0,0,0.25,1,1,1,1,1,1,1,1,1,1,1,10,10,2024-02-06 19:28:15.016568
./data/osc/data39.txt,osc,JCI-PC,1,1,1,1,1,1,1,1,1,1,21,1,1,1,1,1,1,1,1,1,1,61,0,0,0,0,0,0,0,0,0,0,0.15,1,1,1,1,1,1,1,1,1,1,1,10,10,2024-02-06 19:42:03.352528
./data/osc/data40.txt,osc,JCI-PC,1,1,1,1,1,1,1,1,1,1,18,1,1,1,1,1,1,1,1,1,1,78,0,0,0,0,0,0,0,0,0,0,0.09,1,1,1,1,1,1,1,1,1,1,1,10,10,2024-02-06 19:55:48.220784
./data/osc/data41.txt,osc,JCI-PC,1,1,1,1,1,1,1,1,1,1,17,1,1,1,1,1,1,1,1,1,1,57,0,0,0,0,0,0,0,0,0,0,0.24,1,1,1,1,1,1,1,1,1,1,1,10,10,2024-02-06 20:09:17.717135
./data/osc/data42.txt,osc,JCI-PC,1,1,1,1,1,1,1,1,1,1,26,1,1,1,1,1,1,1,1,1,1,67,0,0,0,0,0,0,0,0,0,0,0.24,1,1,1,1,1,1,1,1,1,1,1,10,10,2024-02-06 20:23:57.560924
./data/osc/data43.txt,osc,JCI-PC,1,1,1,1,1,1,1,1,1,1,19,1,1,1,1,1,1,1,1,1,1,74,0,0,0,0,0,0,0,0,0,0,0.29,1,1,1,1,1,1,1,1,1,1,1,10,10,2024-02-06 20:35:41.771062
./data/osc/data44.txt,osc,JCI-PC,1,1,1,1,1,1,1,1,1,1,20,1,1,1,1,1,1,1,1,1,1,59,0,0,0,0,0,0,0,0,0,0,0.27,1,1,1,1,1,1,1,1,1,1,1,10,10,2024-02-06 20:47:28.812356
./data/osc/data45.txt,osc,JCI-PC,1,1,1,1,1,1,1,1,1,1,21,1,1,1,1,1,1,1,1,1,1,58,0,0,0,0,0,0,0,0,0,0,0.31,1,1,1,1,1,1,1,1,1,1,1,10,10,2024-02-06 20:58:02.937183
./data/osc/data46.txt,osc,JCI-PC,1,1,1,1,1,1,1,1,1,1,16,1,1,1,1,1,1,1,1,1,1,66,0,0,0,0,0,0,0,0,0,0,0.41,1,1,1,1,1,1,1,1,1,1,1,10,10,2024-02-06 21:06:37.012358
./data/osc/data47.txt,osc,JCI-PC,1,1,1,1,1,1,1,1,1,1,23,1,1,1,1,1,1,1,1,1,1,71,0,0,0,0,0,0,0,0,0,0,0.19,1,1,1,1,1,1,1,1,1,1,1,10,10,2024-02-06 21:15:32.116100
./data/osc/data48.txt,osc,JCI-PC,1,1,1,1,1,1,1,1,1,1,21,1,1,1,1,1,1,1,1,1,1,67,0,0,0,0,0,0,0,0,0,0,0.34,1,1,1,1,1,1,1,1,1,1,1,10,10,2024-02-06 21:27:08.467837
./data/osc/data49.txt,osc,JCI-PC,1,1,1,1,1,1,1,1,1,1,22,1,1,1,1,1,1,1,1,1,1,55,0,0,0,0,0,0,0,0,0,0,0.31,1,1,1,1,1,1,1,1,1,1,1,10,10,2024-02-06 21:39:41.219343
./data/osc/data50.txt,osc,JCI-PC,1,1,1,1,1,1,1,1,1,1,18,1,1,1,1,1,1,1,1,1,1,67,0,0,0,0,0,0,0,0,0,0,0.42,1,1,1,1,1,1,1,1,1,1,1,10,10,2024-02-06 21:49:31.027889
./data/osc/data51.txt,osc,JCI-PC,1,1,1,1,1,1,1,1,1,1,39,1,1,1,1,1,1,1,1,1,1,148,0,0,0,0,0,0,0,0,0,0,0.13,1,1,1,1,1,1,1,1,1,1,1,10,15,2024-02-06 22:18:27.246711
./data/osc/data52.txt,osc,JCI-PC,1,1,1,1,1,1,1,1,1,1,45,1,1,1,1,1,1,1,1,1,1,193,0,0,0,0,0,0,0,0,0,0,0.08,1,1,1,1,1,1,1,1,1,1,1,10,15,2024-02-06 22:49:47.875718
./data/osc/data53.txt,osc,JCI-PC,1,1,1,1,1,1,1,1,1,1,43,1,1,1,1,1,1,1,1,1,1,206,0,0,0,0,0,0,0,0,0,0,0.26,1,1,1,1,1,1,1,1,1,1,1,10,15,2024-02-06 23:22:24.208242
./data/osc/data55.txt,osc,JCI-PC,1,1,1,1,1,1,1,1,1,1,46,1,1,1,1,1,1,1,1,1,1,187,0,0,0,0,0,0,0,0,0,0,0.2,1,1,1,1,1,1,1,1,1,1,1,10,15,2024-02-07 00:17:23.088729
./data/osc/data57.txt,osc,JCI-PC,1,1,1,1,1,1,1,1,1,1,51,1,1,1,1,1,1,1,1,1,1,185,0,0,0,0,0,0,0,0,0,0,0.13,1,1,1,1,1,1,1,1,1,1,1,10,15,2024-02-07 00:46:24.540142
./data/osc/data59.txt,osc,JCI-PC,1,1,1,1,1,1,1,1,1,1,49,1,1,1,1,1,1,1,1,1,1,170,0,0,0,0,0,0,0,0,0,0,0.19,1,1,1,1,1,1,1,1,1,1,1,10,15,2024-02-07 01:17:36.798941
./data/osc/data61.txt,osc,JCI-PC,1,1,1,1,1,1,1,1,1,1,48,1,1,1,1,1,1,1,1,1,1,205,0,0,0,0,0,0,0,0,0,0,0.14,1,1,1,1,1,1,1,1,1,1,1,10,15,2024-02-07 01:50:10.945432
./data/osc/data63.txt,osc,JCI-PC,1,1,1,1,1,1,1,1,1,1,48,1,1,1,1,1,1,1,1,1,1,190,0,0,0,0,0,0,0,0,0,0,0.04,1,1,1,1,1,1,1,1,1,1,1,10,15,2024-02-07 02:15:29.598973
./data/osc/data65.txt,osc,JCI-PC,1,1,1,1,1,1,1,1,1,1,45,1,1,1,1,1,1,1,1,1,1,174,0,0,0,0,0,0,0,0,0,0,0.17,1,1,1,1,1,1,1,1,1,1,1,10,15,2024-02-07 02:49:47.995272
./data/osc/data67.txt,osc,JCI-PC,1,1,1,1,1,1,1,1,1,1,40,1,1,1,1,1,1,1,1,1,1,191,0,0,0,0,0,0,0,0,0,0,0.19,1,1,1,1,1,1,1,1,1,1,1,10,15,2024-02-07 03:18:24.963369
./data/osc/data69.txt,osc,JCI-PC,1,1,1,1,1,1,1,1,1,1,50,1,1,1,1,1,1,1,1,1,1,171,0,0,0,0,0,0,0,0,0,0,0.13,1,1,1,1,1,1,1,1,1,1,1,10,15,2024-02-07 03:52:35.911341
./data/osc/data71.txt,osc,JCI-PC,1,1,1,1,1,1,1,1,1,1,47,1,1,1,1,1,1,1,1,1,1,199,0,0,0,0,0,0,0,0,0,0,0.15,1,1,1,1,1,1,1,1,1,1,1,10,15,2024-02-07 04:26:11.863346
./data/osc/data73.txt,osc,JCI-PC,1,1,1,1,1,1,1,1,1,1,42,1,1,1,1,1,1,1,1,1,1,131,0,0,0,0,0,0,0,0,0,0,0.22,1,1,1,1,1,1,1,1,1,1,1,10,15,2024-02-07 04:57:29.582650
./data/osc/data75.txt,osc,JCI-PC,1,1,1,1,1,1,1,1,1,1,50,1,1,1,1,1,1,1,1,1,1,187,0,0,0,0,0,0,0,0,0,0,0.04,1,1,1,1,1,1,1,1,1,1,1,10,15,2024-02-07 05:33:17.443315
./data/osc/data1.txt,osc,RESIT,1,1,1,1,1,1,1,1,1,1,7,1,1,1,1,1,1,1,1,1,1,9,1,1,1,1,1,1,1,1,1,1,0.18,1,1,1,1,1,1,1,1,1,1,1,10,5,2024-02-06 15:11:25.341527
./data/osc/data2.txt,osc,RESIT,1,1,1,1,1,1,1,1,1,1,9,1,1,1,1,1,1,1,1,1,1,17,1,1,1,1,1,1,1,1,1,1,0.13,1,1,1,1,1,1,1,1,1,1,1,10,5,2024-02-06 15:15:08.038700
./data/osc/data3.txt,osc,RESIT,1,1,1,1,1,1,1,1,1,1,6,1,1,1,1,1,1,1,1,1,1,6,1,1,1,1,1,1,1,1,1,1,0.2,1,1,1,1,1,1,1,1,1,1,1,10,5,2024-02-06 15:18:13.322520
./data/osc/data4.txt,osc,RESIT,1,1,1,1,1,1,1,1,1,1,8,1,1,1,1,1,1,1,1,1,1,10,1,1,1,1,1,1,1,1,1,1,0.27,1,1,1,1,1,1,1,1,1,1,1,10,5,2024-02-06 15:21:05.309966
./data/osc/data5.txt,osc,RESIT,1,1,1,1,1,1,1,1,1,1,7,1,1,1,1,1,1,1,1,1,1,11,1,1,1,1,1,1,1,1,1,1,0.17,1,1,1,1,1,1,1,1,1,1,1,10,5,2024-02-06 15:23:36.990112
./data/osc/data6.txt,osc,RESIT,1,1,1,1,1,1,1,1,1,1,6,1,1,1,1,1,1,1,1,1,1,18,1,1,1,1,1,1,1,1,1,1,0.15,1,1,1,1,1,1,1,1,1,1,1,10,5,2024-02-06 15:26:41.028813
./data/osc/data7.txt,osc,RESIT,1,1,1,1,1,1,1,1,1,1,9,1,1,1,1,1,1,1,1,1,1,16,1,1,1,1,1,1,1,1,1,1,0.12,1,1,1,1,1,1,1,1,1,1,1,10,5,2024-02-06 15:29:24.652122
./data/osc/data8.txt,osc,RESIT,1,1,1,1,1,1,1,1,1,1,7,1,1,1,1,1,1,1,1,1,1,20,1,1,1,1,1,1,1,1,1,1,0,1,1,1,1,1,1,1,1,1,1,1,10,5,2024-02-06 15:32:13.057055
./data/osc/data9.txt,osc,RESIT,1,1,1,1,1,1,1,1,1,1,8,1,1,1,1,1,1,1,1,1,1,12,1,1,1,1,1,1,1,1,1,1,0.14,1,1,1,1,1,1,1,1,1,1,1,10,5,2024-02-06 15:34:52.299893
./data/osc/data10.txt,osc,RESIT,1,1,1,1,1,1,1,1,1,1,10,1,1,1,1,1,1,1,1,1,1,10,1,1,1,1,1,1,1,1,1,1,0,1,1,1,1,1,1,1,1,1,1,1,10,5,2024-02-06 15:37:09.361502
./data/osc/data11.txt,osc,RESIT,1,1,1,1,1,1,1,1,1,1,7,1,1,1,1,1,1,1,1,1,1,4,1,1,1,1,1,1,1,1,1,1,0,1,1,1,1,1,1,1,1,1,1,1,10,5,2024-02-06 15:39:27.438560
./data/osc/data12.txt,osc,RESIT,1,1,1,1,1,1,1,1,1,1,7,1,1,1,1,1,1,1,1,1,1,6,1,1,1,1,1,1,1,1,1,1,0,1,1,1,1,1,1,1,1,1,1,1,10,5,2024-02-06 15:41:45.189434
./data/osc/data13.txt,osc,RESIT,1,1,1,1,1,1,1,1,1,1,9,1,1,1,1,1,1,1,1,1,1,11,1,1,1,1,1,1,1,1,1,1,0.13,1,1,1,1,1,1,1,1,1,1,1,10,5,2024-02-06 15:44:21.006441
./data/osc/data14.txt,osc,RESIT,1,1,1,1,1,1,1,1,1,1,6,1,1,1,1,1,1,1,1,1,1,10,1,1,1,1,1,1,1,1,1,1,0,1,1,1,1,1,1,1,1,1,1,1,10,5,2024-02-06 15:46:49.906219
./data/osc/data15.txt,osc,RESIT,1,1,1,1,1,1,1,1,1,1,5,1,1,1,1,1,1,1,1,1,1,9,1,1,1,1,1,1,1,1,1,1,0.22,1,1,1,1,1,1,1,1,1,1,1,10,5,2024-02-06 15:49:31.971681
./data/osc/data16.txt,osc,RESIT,1,1,1,1,1,1,1,1,1,1,9,1,1,1,1,1,1,1,1,1,1,10,1,1,1,1,1,1,1,1,1,1,0,1,1,1,1,1,1,1,1,1,1,1,10,5,2024-02-06 15:51:50.206373
./data/osc/data17.txt,osc,RESIT,1,1,1,1,1,1,1,1,1,1,7,1,1,1,1,1,1,1,1,1,1,9,1,1,1,1,1,1,1,1,1,1,0.18,1,1,1,1,1,1,1,1,1,1,1,10,5,2024-02-06 15:54:24.624171
./data/osc/data18.txt,osc,RESIT,1,1,1,1,1,1,1,1,1,1,7,1,1,1,1,1,1,1,1,1,1,6,1,1,1,1,1,1,1,1,1,1,0,1,1,1,1,1,1,1,1,1,1,1,10,5,2024-02-06 15:56:43.732878
./data/osc/data19.txt,osc,RESIT,1,1,1,1,1,1,1,1,1,1,5,1,1,1,1,1,1,1,1,1,1,5,1,1,1,1,1,1,1,1,1,1,0.22,1,1,1,1,1,1,1,1,1,1,1,10,5,2024-02-06 15:59:18.140966
./data/osc/data20.txt,osc,RESIT,1,1,1,1,1,1,1,1,1,1,8,1,1,1,1,1,1,1,1,1,1,18,1,1,1,1,1,1,1,1,1,1,0,1,1,1,1,1,1,1,1,1,1,1,10,5,2024-02-06 16:02:10.157591
./data/osc/data21.txt,osc,RESIT,1,1,1,1,1,1,1,1,1,1,5,1,1,1,1,1,1,1,1,1,1,10,1,1,1,1,1,1,1,1,1,1,0.2,1,1,1,1,1,1,1,1,1,1,1,10,5,2024-02-06 16:04:42.429596
./data/osc/data22.txt,osc,RESIT,1,1,1,1,1,1,1,1,1,1,7,1,1,1,1,1,1,1,1,1,1,6,1,1,1,1,1,1,1,1,1,1,0,1,1,1,1,1,1,1,1,1,1,1,10,5,2024-02-06 16:07:04.725127
./data/osc/data23.txt,osc,RESIT,1,1,1,1,1,1,1,1,1,1,6,1,1,1,1,1,1,1,1,1,1,7,1,1,1,1,1,1,1,1,1,1,0.2,1,1,1,1,1,1,1,1,1,1,1,10,5,2024-02-06 16:09:27.045428
./data/osc/data24.txt,osc,RESIT,1,1,1,1,1,1,1,1,1,1,8,1,1,1,1,1,1,1,1,1,1,14,1,1,1,1,1,1,1,1,1,1,0.25,1,1,1,1,1,1,1,1,1,1,1,10,5,2024-02-06 16:12:08.136687
./data/osc/data25.txt,osc,RESIT,1,1,1,1,1,1,1,1,1,1,7,1,1,1,1,1,1,1,1,1,1,6,1,1,1,1,1,1,1,1,1,1,0,1,1,1,1,1,1,1,1,1,1,1,10,5,2024-02-06 16:14:28.988765
./data/poly/data1.txt,poly,RESIT,1,1,1,1,1,1,1,1,1,1,10,1,1,1,1,1,1,1,1,1,1,20,1,1,1,1,1,1,1,1,1,1,0,1,1,1,1,1,1,1,1,1,1,1,10,5,2024-02-06 14:46:05.178680
./data/poly/data2.txt,poly,RESIT,1,1,1,1,1,1,1,1,1,1,8,1,1,1,1,1,1,1,1,1,1,18,1,1,1,1,1,1,1,1,1,1,0.22,1,1,1,1,1,1,1,1,1,1,1,10,5,2024-02-06 14:49:03.663537
./data/poly/data3.txt,poly,RESIT,1,1,1,1,1,1,1,1,1,1,8,1,1,1,1,1,1,1,1,1,1,18,1,1,1,1,1,1,1,1,1,1,0.21,1,1,1,1,1,1,1,1,1,1,1,10,5,2024-02-06 14:51:54.798457
./data/poly/data4.txt,poly,RESIT,1,1,1,1,1,1,1,1,1,1,7,1,1,1,1,1,1,1,1,1,1,17,1,1,1,1,1,1,1,1,1,1,0.3,1,1,1,1,1,1,1,1,1,1,1,10,5,2024-02-06 14:54:14.941609
./data/poly/data5.txt,poly,RESIT,1,1,1,1,1,1,1,1,1,1,8,1,1,1,1,1,1,1,1,1,1,18,1,1,1,1,1,1,1,1,1,1,0.22,1,1,1,1,1,1,1,1,1,1,1,10,5,2024-02-06 14:56:54.281882
./data/poly/data6.txt,poly,RESIT,1,1,1,1,1,1,1,1,1,1,6,1,1,1,1,1,1,1,1,1,1,16,1,1,1,1,1,1,1,1,1,1,0.4,1,1,1,1,1,1,1,1,1,1,1,10,5,2024-02-06 14:59:55.924277
./data/poly/data7.txt,poly,RESIT,1,1,1,1,1,1,1,1,1,1,7,1,1,1,1,1,1,1,1,1,1,17,1,1,1,1,1,1,1,1,1,1,0.38,1,1,1,1,1,1,1,1,1,1,1,10,5,2024-02-06 15:02:51.219485
./data/poly/data8.txt,poly,RESIT,1,1,1,1,1,1,1,1,1,1,5,1,1,1,1,1,1,1,1,1,1,15,1,1,1,1,1,1,1,1,1,1,0.57,1,1,1,1,1,1,1,1,1,1,1,10,5,2024-02-06 15:05:56.584363
./data/osc/data26.txt,osc,RESIT,1,1,1,1,1,1,1,1,1,1,30,1,1,1,1,1,1,1,1,1,1,63,1,1,1,1,1,1,1,1,1,1,0.1,1,1,1,1,1,1,1,1,1,1,1,10,10,2024-02-06 16:26:40.226414
./data/osc/data27.txt,osc,RESIT,1,1,1,1,1,1,1,1,1,1,37,1,1,1,1,1,1,1,1,1,1,64,1,1,1,1,1,1,1,1,1,1,0.22,1,1,1,1,1,1,1,1,1,1,1,10,10,2024-02-06 16:40:46.000973
./data/osc/data28.txt,osc,RESIT,1,1,1,1,1,1,1,1,1,1,33,1,1,1,1,1,1,1,1,1,1,75,1,1,1,1,1,1,1,1,1,1,0.21,1,1,1,1,1,1,1,1,1,1,1,10,10,2024-02-06 16:54:29.497311
./data/osc/data29.txt,osc,RESIT,1,1,1,1,1,1,1,1,1,1,38,1,1,1,1,1,1,1,1,1,1,47,1,1,1,1,1,1,1,1,1,1,0.11,1,1,1,1,1,1,1,1,1,1,1,10,10,2024-02-06 17:05:38.827002
./data/osc/data30.txt,osc,RESIT,1,1,1,1,1,1,1,1,1,1,28,1,1,1,1,1,1,1,1,1,1,61,1,1,1,1,1,1,1,1,1,1,0.37,1,1,1,1,1,1,1,1,1,1,1,10,10,2024-02-06 17:19:32.778800
./data/osc/data31.txt,osc,RESIT,1,1,1,1,1,1,1,1,1,1,37,1,1,1,1,1,1,1,1,1,1,60,1,1,1,1,1,1,1,1,1,1,0.11,1,1,1,1,1,1,1,1,1,1,1,10,10,2024-02-06 17:30:27.164444
./data/osc/data32.txt,osc,RESIT,1,1,1,1,1,1,1,1,1,1,36,1,1,1,1,1,1,1,1,1,1,75,1,1,1,1,1,1,1,1,1,1,0.23,1,1,1,1,1,1,1,1,1,1,1,10,10,2024-02-06 17:46:14.446827
./data/osc/data33.txt,osc,RESIT,1,1,1,1,1,1,1,1,1,1,35,1,1,1,1,1,1,1,1,1,1,53,1,1,1,1,1,1,1,1,1,1,0.21,1,1,1,1,1,1,1,1,1,1,1,10,10,2024-02-06 17:59:39.950563
./data/osc/data34.txt,osc,RESIT,1,1,1,1,1,1,1,1,1,1,35,1,1,1,1,1,1,1,1,1,1,42,1,1,1,1,1,1,1,1,1,1,0.29,1,1,1,1,1,1,1,1,1,1,1,10,10,2024-02-06 18:09:56.540109
./data/osc/data35.txt,osc,RESIT,1,1,1,1,1,1,1,1,1,1,34,1,1,1,1,1,1,1,1,1,1,79,1,1,1,1,1,1,1,1,1,1,0.14,1,1,1,1,1,1,1,1,1,1,1,10,10,2024-02-06 18:23:06.838476
./data/osc/data36.txt,osc,RESIT,1,1,1,1,1,1,1,1,1,1,34,1,1,1,1,1,1,1,1,1,1,63,1,1,1,1,1,1,1,1,1,1,0.27,1,1,1,1,1,1,1,1,1,1,1,10,10,2024-02-06 19:03:49.646369
./data/osc/data37.txt,osc,RESIT,1,1,1,1,1,1,1,1,1,1,26,1,1,1,1,1,1,1,1,1,1,56,1,1,1,1,1,1,1,1,1,1,0.2,1,1,1,1,1,1,1,1,1,1,1,10,10,2024-02-06 19:15:29.299268
./data/osc/data38.txt,osc,RESIT,1,1,1,1,1,1,1,1,1,1,27,1,1,1,1,1,1,1,1,1,1,76,1,1,1,1,1,1,1,1,1,1,0.19,1,1,1,1,1,1,1,1,1,1,1,10,10,2024-02-06 19:28:15.016590
./data/osc/data39.txt,osc,RESIT,1,1,1,1,1,1,1,1,1,1,30,1,1,1,1,1,1,1,1,1,1,68,1,1,1,1,1,1,1,1,1,1,0.12,1,1,1,1,1,1,1,1,1,1,1,10,10,2024-02-06 19:42:03.352552
./data/osc/data40.txt,osc,RESIT,1,1,1,1,1,1,1,1,1,1,27,1,1,1,1,1,1,1,1,1,1,83,1,1,1,1,1,1,1,1,1,1,0.05,1,1,1,1,1,1,1,1,1,1,1,10,10,2024-02-06 19:55:48.220808
./data/osc/data41.txt,osc,RESIT,1,1,1,1,1,1,1,1,1,1,35,1,1,1,1,1,1,1,1,1,1,53,1,1,1,1,1,1,1,1,1,1,0.24,1,1,1,1,1,1,1,1,1,1,1,10,10,2024-02-06 20:09:17.717155
./data/osc/data42.txt,osc,RESIT,1,1,1,1,1,1,1,1,1,1,33,1,1,1,1,1,1,1,1,1,1,78,1,1,1,1,1,1,1,1,1,1,0.17,1,1,1,1,1,1,1,1,1,1,1,10,10,2024-02-06 20:23:57.560946
./data/osc/data43.txt,osc,RESIT,1,1,1,1,1,1,1,1,1,1,29,1,1,1,1,1,1,1,1,1,1,69,1,1,1,1,1,1,1,1,1,1,0.29,1,1,1,1,1,1,1,1,1,1,1,10,10,2024-02-06 20:35:41.771081
./data/osc/data44.txt,osc,RESIT,1,1,1,1,1,1,1,1,1,1,37,1,1,1,1,1,1,1,1,1,1,71,1,1,1,1,1,1,1,1,1,1,0.24,1,1,1,1,1,1,1,1,1,1,1,10,10,2024-02-06 20:47:28.812373
./data/osc/data45.txt,osc,RESIT,1,1,1,1,1,1,1,1,1,1,29,1,1,1,1,1,1,1,1,1,1,65,1,1,1,1,1,1,1,1,1,1,0.33,1,1,1,1,1,1,1,1,1,1,1,10,10,2024-02-06 20:58:02.937292
./data/osc/data46.txt,osc,RESIT,1,1,1,1,1,1,1,1,1,1,37,1,1,1,1,1,1,1,1,1,1,53,1,1,1,1,1,1,1,1,1,1,0.15,1,1,1,1,1,1,1,1,1,1,1,10,10,2024-02-06 21:06:37.012377
./data/osc/data47.txt,osc,RESIT,1,1,1,1,1,1,1,1,1,1,34,1,1,1,1,1,1,1,1,1,1,73,1,1,1,1,1,1,1,1,1,1,0.15,1,1,1,1,1,1,1,1,1,1,1,10,10,2024-02-06 21:15:32.116125
./data/osc/data48.txt,osc,RESIT,1,1,1,1,1,1,1,1,1,1,31,1,1,1,1,1,1,1,1,1,1,76,1,1,1,1,1,1,1,1,1,1,0.23,1,1,1,1,1,1,1,1,1,1,1,10,10,2024-02-06 21:27:08.467871
./data/osc/data49.txt,osc,RESIT,1,1,1,1,1,1,1,1,1,1,39,1,1,1,1,1,1,1,1,1,1,74,1,1,1,1,1,1,1,1,1,1,0.17,1,1,1,1,1,1,1,1,1,1,1,10,10,2024-02-06 21:39:41.219362
./data/osc/data50.txt,osc,RESIT,1,1,1,1,1,1,1,1,1,1,28,1,1,1,1,1,1,1,1,1,1,78,1,1,1,1,1,1,1,1,1,1,0.17,1,1,1,1,1,1,1,1,1,1,1,10,10,2024-02-06 21:49:31.027912
./data/osc/data51.txt,osc,RESIT,1,1,1,1,1,1,1,1,1,1,80,1,1,1,1,1,1,1,1,1,1,129,1,1,1,1,1,1,1,1,1,1,0.25,1,1,1,1,1,1,1,1,1,1,1,10,15,2024-02-06 22:18:27.246730
./data/osc/data52.txt,osc,RESIT,1,1,1,1,1,1,1,1,1,1,85,1,1,1,1,1,1,1,1,1,1,154,1,1,1,1,1,1,1,1,1,1,0.29,1,1,1,1,1,1,1,1,1,1,1,10,15,2024-02-06 22:49:47.875742
./data/osc/data53.txt,osc,RESIT,1,1,1,1,1,1,1,1,1,1,75,1,1,1,1,1,1,1,1,1,1,161,1,1,1,1,1,1,1,1,1,1,0.22,1,1,1,1,1,1,1,1,1,1,1,10,15,2024-02-06 23:22:24.208260
./data/osc/data55.txt,osc,RESIT,1,1,1,1,1,1,1,1,1,1,81,1,1,1,1,1,1,1,1,1,1,150,1,1,1,1,1,1,1,1,1,1,0.32,1,1,1,1,1,1,1,1,1,1,1,10,15,2024-02-07 00:17:23.088755
./data/osc/data57.txt,osc,RESIT,1,1,1,1,1,1,1,1,1,1,80,1,1,1,1,1,1,1,1,1,1,152,1,1,1,1,1,1,1,1,1,1,0.32,1,1,1,1,1,1,1,1,1,1,1,10,15,2024-02-07 00:46:24.540167
./data/osc/data59.txt,osc,RESIT,1,1,1,1,1,1,1,1,1,1,94,1,1,1,1,1,1,1,1,1,1,184,1,1,1,1,1,1,1,1,1,1,0.14,1,1,1,1,1,1,1,1,1,1,1,10,15,2024-02-07 01:17:36.798960
./data/osc/data61.txt,osc,RESIT,1,1,1,1,1,1,1,1,1,1,94,1,1,1,1,1,1,1,1,1,1,165,1,1,1,1,1,1,1,1,1,1,0.15,1,1,1,1,1,1,1,1,1,1,1,10,15,2024-02-07 01:50:10.945450
./data/osc/data63.txt,osc,RESIT,1,1,1,1,1,1,1,1,1,1,61,1,1,1,1,1,1,1,1,1,1,180,1,1,1,1,1,1,1,1,1,1,0.2,1,1,1,1,1,1,1,1,1,1,1,10,15,2024-02-07 02:15:29.598996
./data/osc/data65.txt,osc,RESIT,1,1,1,1,1,1,1,1,1,1,85,1,1,1,1,1,1,1,1,1,1,136,1,1,1,1,1,1,1,1,1,1,0.28,1,1,1,1,1,1,1,1,1,1,1,10,15,2024-02-07 02:49:47.995288
./data/osc/data67.txt,osc,RESIT,1,1,1,1,1,1,1,1,1,1,67,1,1,1,1,1,1,1,1,1,1,184,1,1,1,1,1,1,1,1,1,1,0.24,1,1,1,1,1,1,1,1,1,1,1,10,15,2024-02-07 03:18:24.963386
./data/osc/data69.txt,osc,RESIT,1,1,1,1,1,1,1,1,1,1,82,1,1,1,1,1,1,1,1,1,1,140,1,1,1,1,1,1,1,1,1,1,0.3,1,1,1,1,1,1,1,1,1,1,1,10,15,2024-02-07 03:52:35.911362
./data/osc/data71.txt,osc,RESIT,1,1,1,1,1,1,1,1,1,1,87,1,1,1,1,1,1,1,1,1,1,149,1,1,1,1,1,1,1,1,1,1,0.24,1,1,1,1,1,1,1,1,1,1,1,10,15,2024-02-07 04:26:11.863367
./data/osc/data73.txt,osc,RESIT,1,1,1,1,1,1,1,1,1,1,93,1,1,1,1,1,1,1,1,1,1,164,1,1,1,1,1,1,1,1,1,1,0.15,1,1,1,1,1,1,1,1,1,1,1,10,15,2024-02-07 04:57:29.582674
./data/osc/data75.txt,osc,RESIT,1,1,1,1,1,1,1,1,1,1,84,1,1,1,1,1,1,1,1,1,1,148,1,1,1,1,1,1,1,1,1,1,0.28,1,1,1,1,1,1,1,1,1,1,1,10,15,2024-02-07 05:33:17.443331
